setting,dataset,model,condition,method,N,before_acc,after_acc,delta,recovered,recovery_den,recovery_rate,recovery_ci_exact,regressed,regression_den,regression_rate,regression_ci_exact,stayed_correct,stayed_wrong,structural_clearance,joint_full_repair,new_failure_rate,em_before,em_after,f1_before,f1_after,latency_mean_ms,latency_median_ms,tokens_mean
2Wiki-Llama,2wikimultihopqa,llama3.1:8b,M_D,fixed,108,0.24074074074074073,0.5462962962962963,0.3055555555555556,37,82,0.45121951219512196,"[0.34100880021756363, 0.5650576036354417]",4,26,0.15384615384615385,"[0.043563476538923854, 0.34867878553536136]",22,45,0.5740740740740741,0.4074074074074074,0.0,0.21296296296296297,0.46296296296296297,0.2529100529100529,0.5148388648388649,600.5833333333334,583.0,1702.0740740740741
2Wiki-Llama,2wikimultihopqa,llama3.1:8b,M_D,reverse,108,0.24074074074074073,0.5555555555555556,0.3148148148148148,40,82,0.4878048780487805,"[0.3757642445030387, 0.6007520977651923]",6,26,0.23076923076923078,"[0.08974011088457516, 0.4364750969413865]",20,42,0.7870370370370371,0.5,0.0,0.21296296296296297,0.46296296296296297,0.2529100529100529,0.5065055315055316,610.8425925925926,585.0,1735.5833333333333
2Wiki-Llama,2wikimultihopqa,llama3.1:8b,M_D,b2,108,0.24074074074074073,0.5185185185185185,0.2777777777777778,55,82,0.6707317073170732,"[0.5581411993838856, 0.7705789124976453]",25,26,0.9615384615384616,"[0.803630353237461, 0.9990267121066649]",1,27,0.0,0.0,0.0,0.21296296296296297,0.46296296296296297,0.2529100529100529,0.5190688497553901,675.25,528.5,1505.351851851852
2Wiki-Llama,2wikimultihopqa,llama3.1:8b,M_D,b3,108,0.24074074074074073,0.3888888888888889,0.14814814814814814,16,82,0.1951219512195122,"[0.11584269079505043, 0.29743599880814103]",0,26,0.0,"[0.0, 0.13227460449775408]",26,66,0.0,0.0,0.0,0.21296296296296297,0.35185185185185186,0.2529100529100529,0.3882047533363323,2646.5833333333335,2467.5,1476.6944444444443
2Wiki-Llama,2wikimultihopqa,llama3.1:8b,M_D,b0,108,0.24074074074074073,0.24074074074074073,0.0,0,82,0.0,,0,26,0.0,,,,0.0,0.0,0.0,,,,,,,
2Wiki-Llama,2wikimultihopqa,llama3.1:8b,M_L,fixed,107,0.4205607476635514,0.8037383177570093,0.38317757009345793,44,62,0.7096774193548387,"[0.5805097990433539, 0.8180059641321282]",3,45,0.06666666666666667,"[0.013965097044370543, 0.1826844565782268]",42,18,0.6728971962616822,0.5794392523364486,0.0,0.35514018691588783,0.7009345794392523,0.40594592072584235,0.7746180091974484,626.8130841121496,618.0,1792.177570093458
2Wiki-Llama,2wikimultihopqa,llama3.1:8b,M_L,reverse,107,0.4205607476635514,0.7850467289719626,0.3644859813084112,43,62,0.6935483870967742,"[0.563497415296102, 0.8043859596271801]",4,45,0.08888888888888889,"[0.02475295778346905, 0.21221173695433954]",41,19,0.5514018691588785,0.4672897196261682,0.0,0.35514018691588783,0.7009345794392523,0.40594592072584235,0.7590930357285497,625.9345794392524,612.0,1784.1028037383178
2Wiki-Llama,2wikimultihopqa,llama3.1:8b,M_L,b2,107,0.4205607476635514,0.2897196261682243,-0.1308411214953271,22,62,0.3548387096774194,"[0.237414280330425, 0.48663343034999634]",36,45,0.8,"[0.6540417022050522, 0.9042427303088574]",9,40,0.0,0.0,0.0,0.35514018691588783,0.2336448598130841,0.40594592072584235,0.24903455842278902,626.2897196261682,558.0,1552.5046728971963
2Wiki-Llama,2wikimultihopqa,llama3.1:8b,M_L,b3,107,0.4205607476635514,0.48598130841121495,0.06542056074766354,12,62,0.1935483870967742,"[0.1042096292621763, 0.31368595169946273]",5,45,0.1111111111111111,"[0.03707666130719137, 0.2405358084955141]",40,50,0.0,0.0,0.0,0.35514018691588783,0.4485981308411215,0.40594592072584235,0.48332220738762793,2564.158878504673,2415.0,1473.803738317757
2Wiki-Llama,2wikimultihopqa,llama3.1:8b,M_L,b0,107,0.4205607476635514,0.4205607476635514,0.0,0,62,0.0,,0,45,0.0,,,,0.0,0.0,0.0,,,,,,,
2Wiki-Llama,2wikimultihopqa,llama3.1:8b,D_L,fixed,108,0.2222222222222222,0.7592592592592593,0.5370370370370371,59,84,0.7023809523809523,"[0.5927236460873015, 0.7972708182071113]",1,24,0.041666666666666664,"[0.0010543524454697474, 0.2112016834569731]",23,25,0.5648148148148148,0.5462962962962963,0.0,0.19444444444444445,0.6944444444444444,0.23015873015873017,0.7318134661271917,604.1018518518518,589.0,1688.2314814814815
2Wiki-Llama,2wikimultihopqa,llama3.1:8b,D_L,reverse,107,0.22429906542056074,0.6822429906542056,0.45794392523364486,50,83,0.6024096385542169,"[0.4890258442364402, 0.7082631678474507]",1,24,0.041666666666666664,"[0.0010543524454697474, 0.2112016834569731]",23,33,0.40186915887850466,0.3925233644859813,0.0,0.19626168224299065,0.616822429906542,0.23230974632843793,0.6574779444488076,582.2523364485982,582.0,1649.8971962616822
2Wiki-Llama,2wikimultihopqa,llama3.1:8b,D_L,b2,108,0.2222222222222222,0.5833333333333334,0.3611111111111111,60,84,0.7142857142857143,"[0.6053186861109303, 0.8076038694611168]",21,24,0.875,"[0.6763886418111671, 0.973440685013751]",3,24,0.0,0.0,0.0,0.19444444444444445,0.5370370370370371,0.23015873015873017,0.5892351475684809,561.7870370370371,538.0,1615.4259259259259
2Wiki-Llama,2wikimultihopqa,llama3.1:8b,D_L,b3,107,0.22429906542056074,0.6261682242990654,0.40186915887850466,49,83,0.5903614457831325,"[0.4769276348778713, 0.6971529622270105]",6,24,0.25,"[0.097730409474533, 0.46711280242266934]",18,34,0.018691588785046728,0.009345794392523364,0.09345794392523364,0.19626168224299065,0.5607476635514018,0.23230974632843793,0.6000667556742323,2757.0934579439254,2408.0,1674.4579439252336
2Wiki-Llama,2wikimultihopqa,llama3.1:8b,D_L,b0,108,0.2222222222222222,0.2222222222222222,0.0,0,84,0.0,,0,24,0.0,,,,0.0,0.0,0.0,,,,,,,
2Wiki-Llama,2wikimultihopqa,llama3.1:8b,M_D_L,fixed,107,0.14953271028037382,0.7009345794392523,0.5514018691588785,61,91,0.6703296703296703,"[0.5638886710787239, 0.7653339092626367]",2,16,0.125,"[0.015513603815413885, 0.38347623684926346]",14,30,0.4205607476635514,0.35514018691588783,0.0,0.14953271028037382,0.616822429906542,0.18324432576769026,0.662661326212728,624.411214953271,609.0,1747.03738317757
2Wiki-Llama,2wikimultihopqa,llama3.1:8b,M_D_L,reverse,108,0.1574074074074074,0.6296296296296297,0.4722222222222222,54,91,0.5934065934065934,"[0.4853405442907007, 0.6952181690551185]",3,17,0.17647058823529413,"[0.037985068070626, 0.43431787284428397]",14,37,0.3333333333333333,0.28703703703703703,0.0,0.1574074074074074,0.5648148148148148,0.1908068783068783,0.6108906525573192,606.1388888888889,566.0,1719.2685185185185
2Wiki-Llama,2wikimultihopqa,llama3.1:8b,M_D_L,b2,108,0.1574074074074074,0.4444444444444444,0.28703703703703703,47,91,0.5164835164835165,"[0.4092884436802108, 0.6225760234396935]",16,17,0.9411764705882353,"[0.7131106033327794, 0.9985118256087334]",1,44,0.0,0.0,0.0,0.1574074074074074,0.4166666666666667,0.1908068783068783,0.4645021473725177,553.1851851851852,519.5,1443.8148148148148
2Wiki-Llama,2wikimultihopqa,llama3.1:8b,M_D_L,b3,108,0.1574074074074074,0.3148148148148148,0.1574074074074074,21,91,0.23076923076923078,"[0.14888249148243815, 0.33086647358538884]",4,17,0.23529411764705882,"[0.06810774043735666, 0.4989932732045801]",13,70,0.0,0.0,0.0,0.1574074074074074,0.28703703703703703,0.1908068783068783,0.32680601967882666,2571.75,2356.0,1509.6851851851852
2Wiki-Llama,2wikimultihopqa,llama3.1:8b,M_D_L,b0,108,0.1574074074074074,0.1574074074074074,0.0,0,91,0.0,,0,17,0.0,,,,0.0,0.0,0.0,,,,,,,
2Wiki-Qwen,2wikimultihopqa,qwen3.5:9b,M_D,fixed,107,0.11214953271028037,0.6261682242990654,0.514018691588785,57,95,0.6,"[0.4943939157156698, 0.6991951661891493]",2,12,0.16666666666666666,"[0.020862525460092384, 0.48413774868596704]",10,38,0.7383177570093458,0.5700934579439252,0.0,0.102803738317757,0.5607476635514018,0.13729417000445038,0.5967957276368491,842.0934579439253,803.0,1879.3271028037384
2Wiki-Qwen,2wikimultihopqa,qwen3.5:9b,M_D,reverse,107,0.11214953271028037,0.3644859813084112,0.2523364485981308,27,95,0.28421052631578947,"[0.19636774482904548, 0.38595954207247796]",0,12,0.0,"[0.0, 0.2646484693970512]",12,68,0.2336448598130841,0.205607476635514,0.0,0.102803738317757,0.308411214953271,0.13729417000445038,0.345838896306186,821.1028037383178,781.0,1825.747663551402
2Wiki-Qwen,2wikimultihopqa,qwen3.5:9b,M_D,b2,107,0.11214953271028037,0.2336448598130841,0.12149532710280374,20,95,0.21052631578947367,"[0.1335932546915837, 0.3062423556894617]",7,12,0.5833333333333334,"[0.2766696856821058, 0.8483477701915698]",5,75,0.0,0.0,0.0,0.102803738317757,0.205607476635514,0.13729417000445038,0.24299065420560748,760.3177570093458,729.0,1592.0467289719627
2Wiki-Qwen,2wikimultihopqa,qwen3.5:9b,M_D,b3,107,0.11214953271028037,0.17757009345794392,0.06542056074766354,7,95,0.07368421052631578,"[0.030137218909825812, 0.14593984923312603]",0,12,0.0,"[0.0, 0.2646484693970512]",12,88,0.0,0.0,0.0,0.102803738317757,0.14018691588785046,0.13729417000445038,0.18184245660881174,3740.121495327103,2651.0,373.94392523364485
2Wiki-Qwen,2wikimultihopqa,qwen3.5:9b,M_D,b0,107,0.11214953271028037,0.11214953271028037,0.0,0,95,0.0,,0,12,0.0,,,,0.0,0.0,0.0,,,,,,,
2Wiki-Qwen,2wikimultihopqa,qwen3.5:9b,M_L,fixed,108,0.4074074074074074,0.7870370370370371,0.37962962962962965,47,64,0.734375,"[0.6091238708465889, 0.8370239485314892]",6,44,0.13636363636363635,"[0.05173082948627347, 0.27350689090382385]",38,17,0.7685185185185185,0.6574074074074074,0.0,0.37037037037037035,0.6944444444444444,0.38580246913580246,0.7335390946502058,845.7592592592592,817.0,1923.5648148148148
2Wiki-Qwen,2wikimultihopqa,qwen3.5:9b,M_L,reverse,108,0.4074074074074074,0.7314814814814815,0.32407407407407407,42,64,0.65625,"[0.5269769612216835, 0.770536757500661]",7,44,0.1590909090909091,"[0.0664434612028956, 0.3006532137716878]",37,22,0.5648148148148148,0.49074074074074076,0.0,0.37037037037037035,0.6296296296296297,0.38580246913580246,0.6724279835390946,842.4629629629629,813.5,1925.1574074074074
2Wiki-Qwen,2wikimultihopqa,qwen3.5:9b,M_L,b2,108,0.4074074074074074,0.28703703703703703,-0.12037037037037036,22,64,0.34375,"[0.22946324249933894, 0.4730230387783165]",35,44,0.7954545454545454,"[0.6469549432217505, 0.9019568236394089]",9,42,0.0,0.0,0.0,0.37037037037037035,0.24074074074074073,0.38580246913580246,0.2654320987654321,760.2777777777778,757.0,1645.638888888889
2Wiki-Qwen,2wikimultihopqa,qwen3.5:9b,M_L,b3,108,0.4074074074074074,0.6018518518518519,0.19444444444444445,29,64,0.453125,"[0.32820711450371803, 0.5825236846839525]",8,44,0.18181818181818182,"[0.08191884088070353, 0.3271368502462458]",36,35,0.0,0.0,0.0,0.37037037037037035,0.5092592592592593,0.38580246913580246,0.5446502057613168,4572.898148148148,3813.5,1655.7222222222222
2Wiki-Qwen,2wikimultihopqa,qwen3.5:9b,M_L,b0,108,0.4074074074074074,0.4074074074074074,0.0,0,64,0.0,,0,44,0.0,,,,0.0,0.0,0.0,,,,,,,
2Wiki-Qwen,2wikimultihopqa,qwen3.5:9b,D_L,fixed,108,0.18518518518518517,0.5925925925925926,0.4074074074074074,45,88,0.5113636363636364,"[0.4024560788041746, 0.6194848118188332]",1,20,0.05,"[0.0012650894979498038, 0.24873276277202777]",19,43,0.5,0.4166666666666667,0.0,0.1574074074074074,0.5277777777777778,0.1915784832451499,0.5705687830687831,889.1666666666666,824.5,1854.4814814814815
2Wiki-Qwen,2wikimultihopqa,qwen3.5:9b,D_L,reverse,108,0.18518518518518517,0.6111111111111112,0.42592592592592593,47,88,0.5340909090909091,"[0.4246068833178016, 0.6412154866902768]",1,20,0.05,"[0.0012650894979498038, 0.24873276277202777]",19,41,0.5185185185185185,0.4537037037037037,0.0,0.1574074074074074,0.5555555555555556,0.1915784832451499,0.5853835978835978,819.074074074074,816.5,1868.9074074074074
2Wiki-Qwen,2wikimultihopqa,qwen3.5:9b,D_L,b2,108,0.18518518518518517,0.3333333333333333,0.14814814814814814,25,88,0.2840909090909091,"[0.19301787046091967, 0.39020455497440276]",9,20,0.45,"[0.2305778967759241, 0.6847218669594515]",11,63,0.0,0.0,0.0,0.1574074074074074,0.2962962962962963,0.1915784832451499,0.331194885361552,785.2870370370371,764.5,1722.1203703703704
2Wiki-Qwen,2wikimultihopqa,qwen3.5:9b,D_L,b3,108,0.18518518518518517,0.2962962962962963,0.1111111111111111,12,88,0.13636363636363635,"[0.07249389962717559, 0.22608755366085753]",0,20,0.0,"[0.0, 0.16843347098308528]",20,76,0.0,0.0,0.0,0.1574074074074074,0.25,0.1915784832451499,0.29034391534391535,4064.953703703704,2831.0,417.72222222222223
2Wiki-Qwen,2wikimultihopqa,qwen3.5:9b,D_L,b0,108,0.18518518518518517,0.18518518518518517,0.0,0,88,0.0,,0,20,0.0,,,,0.0,0.0,0.0,,,,,,,
2Wiki-Qwen,2wikimultihopqa,qwen3.5:9b,M_D_L,fixed,108,0.07407407407407407,0.6481481481481481,0.5740740740740741,65,100,0.65,"[0.5481506381760306, 0.7427062214685488]",3,8,0.375,"[0.08523341413725354, 0.7551367836334484]",5,35,0.6111111111111112,0.5277777777777778,0.0,0.06481481481481481,0.5555555555555556,0.09821428571428571,0.6008156966490299,839.9537037037037,799.0,1859.1944444444443
2Wiki-Qwen,2wikimultihopqa,qwen3.5:9b,M_D_L,reverse,108,0.07407407407407407,0.5370370370370371,0.46296296296296297,53,100,0.53,"[0.42758148489004516, 0.6305948358056055]",3,8,0.375,"[0.08523341413725354, 0.7551367836334484]",5,47,0.3611111111111111,0.32407407407407407,0.0,0.06481481481481481,0.4722222222222222,0.09821428571428571,0.5097663139329806,833.1481481481482,804.0,1856.6851851851852
2Wiki-Qwen,2wikimultihopqa,qwen3.5:9b,M_D_L,b2,108,0.07407407407407407,0.16666666666666666,0.09259259259259259,16,100,0.16,"[0.09431028997394623, 0.24678759741086234]",6,8,0.75,"[0.3491442055871758, 0.9681459737500557]",2,84,0.0,0.0,0.0,0.06481481481481481,0.14814814814814814,0.09821428571428571,0.1845899470899471,738.9722222222222,721.0,1535.5555555555557
2Wiki-Qwen,2wikimultihopqa,qwen3.5:9b,M_D_L,b3,108,0.07407407407407407,0.2037037037037037,0.12962962962962962,15,100,0.15,"[0.08645438564164859, 0.23530750014895488]",1,8,0.125,"[0.0031597235312519063, 0.5265096708752065]",7,85,0.0,0.0,0.0,0.06481481481481481,0.17592592592592593,0.09821428571428571,0.20932539682539683,3416.75,2646.0,631.5185185185185
2Wiki-Qwen,2wikimultihopqa,qwen3.5:9b,M_D_L,b0,108,0.07407407407407407,0.07407407407407407,0.0,0,100,0.0,,0,8,0.0,,,,0.0,0.0,0.0,,,,,,,
Hotpot-Llama,hotpotqa,llama3.1:8b,M_D,fixed,108,0.4166666666666667,0.6851851851851852,0.26851851851851855,37,63,0.5873015873015873,"[0.4561768432495709, 0.7099403576024554]",8,45,0.17777777777777778,"[0.08001795745730611, 0.3205342433933702]",37,26,0.5,0.4351851851851852,0.0,0.25925925925925924,0.46296296296296297,0.3735817166372722,0.5909685479129924,613.2685185185185,616.0,1778.2777777777778
Hotpot-Llama,hotpotqa,llama3.1:8b,M_D,reverse,106,0.42452830188679247,0.6792452830188679,0.25471698113207547,33,61,0.5409836065573771,"[0.40849889175737925, 0.6693559041406814]",6,45,0.13333333333333333,"[0.0505423759133262, 0.26792495409344785]",39,28,0.5943396226415094,0.5,0.0,0.2641509433962264,0.4528301886792453,0.3774857741838874,0.5822626534890686,618.2830188679245,603.5,1791.3962264150944
Hotpot-Llama,hotpotqa,llama3.1:8b,M_D,b2,108,0.4166666666666667,0.46296296296296297,0.046296296296296294,30,63,0.47619047619047616,"[0.34877671126628973, 0.6059162449215373]",25,45,0.5555555555555556,"[0.3999734964036788, 0.7035560761341417]",20,33,0.0,0.0,0.0,0.25925925925925924,0.28703703703703703,0.3735817166372722,0.41298558472887975,538.9537037037037,521.0,1500.898148148148
Hotpot-Llama,hotpotqa,llama3.1:8b,M_D,b3,106,0.42452830188679247,0.44339622641509435,0.018867924528301886,11,61,0.18032786885245902,"[0.09360976979434991, 0.299786377267992]",9,45,0.2,"[0.09575726969114265, 0.3459582977949477]",36,50,0.0,0.0,0.0,0.2641509433962264,0.27358490566037735,0.38063042827193766,0.38228511530398324,2664.0849056603774,2497.0,1527.688679245283
Hotpot-Llama,hotpotqa,llama3.1:8b,M_D,b0,108,0.4166666666666667,0.4166666666666667,0.0,0,63,0.0,,0,45,0.0,,,,0.0,0.0,0.0,,,,,,,
Hotpot-Llama,hotpotqa,llama3.1:8b,M_L,fixed,101,0.48514851485148514,0.8811881188118812,0.39603960396039606,43,52,0.8269230769230769,"[0.696719893896867, 0.9176743145579072]",3,49,0.061224489795918366,"[0.012808421318278853, 0.16865890070230113]",46,9,0.6336633663366337,0.5742574257425742,0.0,0.38613861386138615,0.7029702970297029,0.48234537739488237,0.811032531824611,650.8019801980198,647.0,1889.9108910891089
Hotpot-Llama,hotpotqa,llama3.1:8b,M_L,reverse,100,0.48,0.89,0.41,43,52,0.8269230769230769,"[0.696719893896867, 0.9176743145579072]",2,48,0.041666666666666664,"[0.005086467930032977, 0.1425409732013774]",46,9,0.65,0.6,0.0,0.38,0.73,0.4771688311688312,0.8391428571428571,636.92,631.0,1853.81
Hotpot-Llama,hotpotqa,llama3.1:8b,M_L,b2,107,0.5046728971962616,0.37383177570093457,-0.1308411214953271,8,53,0.1509433962264151,"[0.06749253811596383, 0.2759211788547169]",22,54,0.4074074074074074,"[0.27567993703775584, 0.5496558756410246]",32,45,0.0,0.0,0.0,0.411214953271028,0.29906542056074764,0.5020269450175993,0.3616748256935173,566.8130841121496,556.0,1651.0934579439252
Hotpot-Llama,hotpotqa,llama3.1:8b,M_L,b3,107,0.5046728971962616,0.5514018691588785,0.04672897196261682,8,53,0.1509433962264151,"[0.06749253811596383, 0.2759211788547169]",3,54,0.05555555555555555,"[0.01160677437994132, 0.1538850337916334]",51,45,0.0,0.0,0.0,0.411214953271028,0.42990654205607476,0.5020269450175993,0.520501409286456,2699.5607476635514,2554.0,1620.981308411215
Hotpot-Llama,hotpotqa,llama3.1:8b,M_L,b0,107,0.5046728971962616,0.5046728971962616,0.0,0,53,0.0,,0,54,0.0,,,,0.0,0.0,0.0,,,,,,,
Hotpot-Llama,hotpotqa,llama3.1:8b,D_L,fixed,101,0.46534653465346537,0.8217821782178217,0.3564356435643564,37,54,0.6851851851851852,"[0.5444760051271571, 0.8047605889968085]",1,47,0.02127659574468085,"[0.0005385317053423145, 0.11293771714640011]",46,17,0.5742574257425742,0.5742574257425742,0.0,0.32673267326732675,0.6138613861386139,0.44856985698569857,0.7313609932421813,612.1386138613861,652.0,1718.0891089108911
Hotpot-Llama,hotpotqa,llama3.1:8b,D_L,reverse,105,0.4666666666666667,0.7904761904761904,0.3238095238095238,35,56,0.625,"[0.4854783065629366, 0.7508159323622695]",1,49,0.02040816326530612,"[0.0005165564975932862, 0.10854176396840694]",48,21,0.4666666666666667,0.4666666666666667,0.0,0.3142857142857143,0.5619047619047619,0.44227513227513227,0.7135525321239606,619.4190476190477,632.0,1798.8666666666666
Hotpot-Llama,hotpotqa,llama3.1:8b,D_L,b2,108,0.46296296296296297,0.4166666666666667,-0.046296296296296294,28,58,0.4827586206896552,"[0.3495112034108459, 0.6178262808235317]",33,50,0.66,"[0.5123475122784118, 0.7879452865646183]",17,30,0.0,0.0,0.0,0.3148148148148148,0.2777777777777778,0.43924897119341566,0.40803291358846916,582.6296296296297,575.5,1609.898148148148
Hotpot-Llama,hotpotqa,llama3.1:8b,D_L,b3,108,0.46296296296296297,0.7314814814814815,0.26851851851851855,29,58,0.5,"[0.36576915772593044, 0.6342308422740695]",0,50,0.0,"[0.0, 0.07112173646419764]",50,29,0.046296296296296294,0.046296296296296294,0.09259259259259259,0.3148148148148148,0.5185185185185185,0.43924897119341566,0.6361037624926514,2772.3703703703704,2500.5,1666.101851851852
Hotpot-Llama,hotpotqa,llama3.1:8b,D_L,b0,108,0.46296296296296297,0.46296296296296297,0.0,0,58,0.0,,0,50,0.0,,,,0.0,0.0,0.0,,,,,,,
Hotpot-Llama,hotpotqa,llama3.1:8b,M_D_L,fixed,104,0.33653846153846156,0.7692307692307693,0.4326923076923077,46,69,0.6666666666666666,"[0.5428816155019619, 0.7756324845125234]",1,35,0.02857142857142857,"[0.0007231043763380947, 0.14917207965643164]",34,23,0.38461538461538464,0.34615384615384615,0.0,0.2403846153846154,0.5576923076923077,0.36173687423687423,0.6853556166056166,635.625,638.0,1802.2211538461538
Hotpot-Llama,hotpotqa,llama3.1:8b,M_D_L,reverse,103,0.3592233009708738,0.7669902912621359,0.4077669902912621,45,66,0.6818181818181818,"[0.5556078292305275, 0.7911016327585585]",3,37,0.08108108108108109,"[0.0170435306958188, 0.21909620623800014]",34,21,0.4368932038834951,0.4077669902912621,0.0,0.24271844660194175,0.5436893203883495,0.36816150408383425,0.6939278511460867,625.3300970873786,623.0,1802.5242718446602
Hotpot-Llama,hotpotqa,llama3.1:8b,M_D_L,b2,108,0.35185185185185186,0.3425925925925926,-0.009259259259259259,19,70,0.2714285714285714,"[0.17199116379968168, 0.39097978770581243]",20,38,0.5263157894736842,"[0.35818343626050364, 0.6901926983917913]",18,51,0.0,0.0,0.0,0.24074074074074073,0.21296296296296297,0.3650058788947678,0.33423053284164395,563.5462962962963,560.0,1506.0277777777778
Hotpot-Llama,hotpotqa,llama3.1:8b,M_D_L,b3,108,0.35185185185185186,0.48148148148148145,0.12962962962962962,19,70,0.2714285714285714,"[0.17199116379968168, 0.39097978770581243]",5,38,0.13157894736842105,"[0.04413744005791443, 0.2808638458837533]",33,51,0.0,0.0,0.0,0.24074074074074073,0.3425925925925926,0.3650058788947678,0.4641413438197064,2590.240740740741,2473.0,1560.7407407407406
Hotpot-Llama,hotpotqa,llama3.1:8b,M_D_L,b0,108,0.35185185185185186,0.35185185185185186,0.0,0,70,0.0,,0,38,0.0,,,,0.0,0.0,0.0,,,,,,,
Hotpot-Qwen,hotpotqa,qwen3.5:9b,M_D,fixed,108,0.25,0.8981481481481481,0.6481481481481481,70,81,0.8641975308641975,"[0.7699903684379342, 0.9302113140128173]",0,27,0.0,"[0.0, 0.12770286761543234]",27,11,0.9444444444444444,0.8888888888888888,0.0,0.17592592592592593,0.6851851851851852,0.2843928705039816,0.8277182965908456,839.6851851851852,833.0,1927.0740740740741
Hotpot-Qwen,hotpotqa,qwen3.5:9b,M_D,reverse,108,0.25,0.7129629629629629,0.46296296296296297,50,81,0.6172839506172839,"[0.5025749601550842, 0.7231489108748745]",0,27,0.0,"[0.0, 0.12770286761543234]",27,31,0.6481481481481481,0.6018518518518519,0.0,0.17592592592592593,0.5092592592592593,0.2843928705039816,0.6777649819316486,833.8703703703703,835.0,1885.787037037037
Hotpot-Qwen,hotpotqa,qwen3.5:9b,M_D,b2,108,0.25,0.3888888888888889,0.1388888888888889,23,81,0.2839506172839506,"[0.18926196857762104, 0.3950133847424343]",8,27,0.2962962962962963,"[0.13752655394057922, 0.5018136663700014]",19,58,0.0,0.0,0.0,0.17592592592592593,0.24074074074074073,0.2843928705039816,0.38332454204131094,1185.851851851852,750.5,1621.0092592592594
Hotpot-Qwen,hotpotqa,qwen3.5:9b,M_D,b3,108,0.25,0.28703703703703703,0.037037037037037035,6,81,0.07407407407407407,"[0.027668360524403943, 0.1542861687152946]",2,27,0.07407407407407407,"[0.009100072942306284, 0.24289834684562717]",25,75,0.0,0.0,0.0,0.17592592592592593,0.19444444444444445,0.2843928705039816,0.3152570680348458,4682.935185185185,2719.5,397.0925925925926
Hotpot-Qwen,hotpotqa,qwen3.5:9b,M_D,b0,108,0.25,0.25,0.0,0,81,0.0,,0,27,0.0,,,,0.0,0.0,0.0,,,,,,,
Hotpot-Qwen,hotpotqa,qwen3.5:9b,M_L,fixed,108,0.5370370370370371,0.8981481481481481,0.3611111111111111,43,50,0.86,"[0.7326039975029917, 0.9418082996596279]",4,58,0.06896551724137931,"[0.019109311861204337, 0.16726813286166403]",54,7,0.6296296296296297,0.6018518518518519,0.0,0.4444444444444444,0.7222222222222222,0.5303350970017637,0.838830099941211,845.7962962962963,842.0,1950.962962962963
Hotpot-Qwen,hotpotqa,qwen3.5:9b,M_L,reverse,108,0.5370370370370371,0.8796296296296297,0.3425925925925926,42,50,0.84,"[0.7088736934048891, 0.9282992328167138]",5,58,0.08620689655172414,"[0.02858604536651699, 0.1898259584622509]",53,8,0.5833333333333334,0.5555555555555556,0.0,0.4444444444444444,0.7037037037037037,0.5303350970017637,0.8203115814226926,842.0648148148148,836.5,1944.3055555555557
Hotpot-Qwen,hotpotqa,qwen3.5:9b,M_L,b2,108,0.5370370370370371,0.39814814814814814,-0.1388888888888889,3,50,0.06,"[0.01254858783533406, 0.16548194660377288]",18,58,0.3103448275862069,"[0.19538647738218415, 0.4454417876836494]",40,47,0.0,0.0,0.0,0.4444444444444444,0.3425925925925926,0.5303350970017637,0.40509994121105236,786.1018518518518,780.0,1741.5833333333333
Hotpot-Qwen,hotpotqa,qwen3.5:9b,M_L,b3,108,0.5370370370370371,0.7314814814814815,0.19444444444444445,24,50,0.48,"[0.3366050916034599, 0.6258480549209058]",3,58,0.05172413793103448,"[0.010796478084294733, 0.1438046272753446]",55,26,0.0,0.0,0.0,0.4444444444444444,0.5833333333333334,0.5303350970017637,0.691387419165197,5138.7962962962965,3994.5,1308.037037037037
Hotpot-Qwen,hotpotqa,qwen3.5:9b,M_L,b0,108,0.5370370370370371,0.5370370370370371,0.0,0,50,0.0,,0,58,0.0,,,,0.0,0.0,0.0,,,,,,,
Hotpot-Qwen,hotpotqa,qwen3.5:9b,D_L,fixed,108,0.3425925925925926,0.8703703703703703,0.5277777777777778,57,71,0.8028169014084507,"[0.6913500428435169, 0.8877921791544382]",0,37,0.0,"[0.0, 0.09489058741498987]",37,14,0.7129629629629629,0.6851851851851852,0.0,0.25,0.6666666666666666,0.3553364331142109,0.8077956266681757,839.0092592592592,859.5,1922.2962962962963
Hotpot-Qwen,hotpotqa,qwen3.5:9b,D_L,reverse,108,0.3425925925925926,0.8703703703703703,0.5277777777777778,57,71,0.8028169014084507,"[0.6913500428435169, 0.8877921791544382]",0,37,0.0,"[0.0, 0.09489058741498987]",37,14,0.6944444444444444,0.6666666666666666,0.0,0.25,0.6666666666666666,0.3553364331142109,0.8016227871620027,830.5,847.0,1914.5092592592594
Hotpot-Qwen,hotpotqa,qwen3.5:9b,D_L,b2,108,0.3425925925925926,0.4444444444444444,0.10185185185185185,29,71,0.4084507042253521,"[0.29318783078653665, 0.5315982062856024]",18,37,0.4864864864864865,"[0.3192141064815403, 0.6560031843342338]",19,42,0.0,0.0,0.0,0.25,0.3425925925925926,0.3553364331142109,0.46832144193255304,785.4351851851852,782.0,1710.898148148148
Hotpot-Qwen,hotpotqa,qwen3.5:9b,D_L,b3,108,0.3425925925925926,0.4351851851851852,0.09259259259259259,11,71,0.15492957746478872,"[0.07996084759696935, 0.26032497793886444]",1,37,0.02702702702702703,"[0.0006840310246946647, 0.14160309561115805]",36,60,0.0,0.0,0.0,0.25,0.32407407407407407,0.3553364331142109,0.44153572764683874,3673.4814814814813,3290.0,641.175925925926
Hotpot-Qwen,hotpotqa,qwen3.5:9b,D_L,b0,108,0.3425925925925926,0.3425925925925926,0.0,0,71,0.0,,0,37,0.0,,,,0.0,0.0,0.0,,,,,,,
Hotpot-Qwen,hotpotqa,qwen3.5:9b,M_D_L,fixed,108,0.19444444444444445,0.8148148148148148,0.6203703703703703,67,87,0.7701149425287356,"[0.667532105218767, 0.8535693696059367]",0,21,0.0,"[0.0, 0.1610976152190796]",21,20,0.7037037037037037,0.6388888888888888,0.0,0.1388888888888889,0.6388888888888888,0.2396678424456202,0.7534586056644881,848.4074074074074,847.5,1941.5740740740741
Hotpot-Qwen,hotpotqa,qwen3.5:9b,M_D_L,reverse,108,0.19444444444444445,0.7962962962962963,0.6018518518518519,65,87,0.7471264367816092,"[0.6425469799577177, 0.83424538563736]",0,21,0.0,"[0.0, 0.1610976152190796]",21,22,0.6018518518518519,0.5370370370370371,0.0,0.1388888888888889,0.6388888888888888,0.2396678424456202,0.74960058097313,855.0277777777778,850.0,1919.4259259259259
Hotpot-Qwen,hotpotqa,qwen3.5:9b,M_D_L,b2,108,0.19444444444444445,0.28703703703703703,0.09259259259259259,18,87,0.20689655172413793,"[0.12747486687013446, 0.3071316475235606]",8,21,0.38095238095238093,"[0.18107162554017314, 0.6156456096213541]",13,69,0.0,0.0,0.0,0.1388888888888889,0.2037037037037037,0.2396678424456202,0.3205246913580247,756.6018518518518,754.0,1599.7037037037037
Hotpot-Qwen,hotpotqa,qwen3.5:9b,M_D_L,b3,108,0.19444444444444445,0.2962962962962963,0.10185185185185185,11,87,0.12643678160919541,"[0.06484043395710111, 0.21497840027825463]",0,21,0.0,"[0.0, 0.1610976152190796]",21,76,0.0,0.0,0.0,0.1388888888888889,0.2222222222222222,0.2396678424456202,0.3230011757789536,3964.8796296296296,2933.0,411.5
Hotpot-Qwen,hotpotqa,qwen3.5:9b,M_D_L,b0,108,0.19444444444444445,0.19444444444444445,0.0,0,87,0.0,,0,21,0.0,,,,0.0,0.0,0.0,,,,,,,
