comparison,setting,dataset,model,condition,A_method,B_method,N,A_acc,B_acc,delta,delta_ci,both_correct,A_only_correct,B_only_correct,both_wrong,mcnemar_p,baseline_wrong_N,A_recovery,B_recovery,recovery_delta,recovery_delta_ci,recovery_mcnemar_p,baseline_correct_N,A_regression,B_regression,regression_delta,regression_delta_ci,regression_mcnemar_p,A_structural_clearance,B_structural_clearance,structural_delta,structural_delta_ci,structural_mcnemar_p,A_joint_full_repair,B_joint_full_repair,joint_delta,joint_delta_ci,joint_mcnemar_p,A_em,B_em,em_delta,em_delta_ci,A_f1,B_f1,f1_delta,f1_delta_ci,A_latency_mean_ms,A_latency_median_ms,B_latency_mean_ms,B_latency_median_ms,A_tokens_mean,B_tokens_mean,holm_p,recovery_holm_p,regression_holm_p,structural_holm_p,joint_holm_p
Fixed_vs_B0,2Wiki-Llama,2wikimultihopqa,llama3.1:8b,M_D,fixed,b0,108,0.5462962962962963,0.24074074074074073,0.3055555555555556,"[0.2037037037037037, 0.4074074074074074]",22,37,4,45,1.0258372640237212e-07,82,0.45121951219512196,0.0,0.45121951219512196,"[0.34146341463414637, 0.5609756097560976]",1.4551915228366852e-11,26,0.15384615384615385,0.0,0.15384615384615385,"[0.038461538461538464, 0.3076923076923077]",0.125,0.5740740740740741,0.0,0.5740740740740741,"[0.48148148148148145, 0.6666666666666666]",4.336808689942018e-19,0.4074074074074074,0.0,0.4074074074074074,"[0.3148148148148148, 0.5]",1.1368683772161603e-13,0.46296296296296297,0.21296296296296297,0.25,"[0.1574074074074074, 0.35185185185185186]",0.5148388648388649,0.2529100529100529,0.26192881192881196,"[0.16437129228795896, 0.35880270963604294]",600.5833333333334,583.0,,,1702.0740740740741,,2.0516745280474424e-07,4.3655745685100555e-11,1.0,3.0357660829594124e-18,3.410605131648481e-13
Fixed_vs_B2,2Wiki-Llama,2wikimultihopqa,llama3.1:8b,M_D,fixed,b2,108,0.5462962962962963,0.5185185185185185,0.02777777777777779,"[-0.1111111111111111, 0.16666666666666666]",26,33,30,19,0.8013064925040663,82,0.45121951219512196,0.6707317073170732,-0.21951219512195125,"[-0.36585365853658536, -0.07317073170731707]",0.007915897334896727,26,0.15384615384615385,0.9615384615384616,-0.8076923076923077,"[-0.9615384615384616, -0.6538461538461539]",9.5367431640625e-07,0.5740740740740741,0.0,0.5740740740740741,"[0.48148148148148145, 0.6666666666666666]",4.336808689942018e-19,0.4074074074074074,0.0,0.4074074074074074,"[0.3148148148148148, 0.5]",1.1368683772161603e-13,0.46296296296296297,0.46296296296296297,0.0,"[-0.1388888888888889, 0.1388888888888889]",0.5148388648388649,0.5190688497553901,-0.0042299849165252645,"[-0.13809453983837014, 0.12797153150039245]",600.5833333333334,583.0,675.25,528.5,1702.0740740740741,1505.351851851852,0.8013064925040663,0.03957948667448363,1.239776611328125e-05,3.0357660829594124e-18,3.410605131648481e-13
Fixed_vs_B3,2Wiki-Llama,2wikimultihopqa,llama3.1:8b,M_D,fixed,b3,108,0.5462962962962963,0.3888888888888889,0.15740740740740738,"[0.046296296296296294, 0.26851851851851855]",31,28,11,38,0.009475304279476404,82,0.45121951219512196,0.1951219512195122,0.25609756097560976,"[0.12195121951219512, 0.3902439024390244]",0.0005082604475319386,26,0.15384615384615385,0.0,0.15384615384615385,"[0.038461538461538464, 0.3076923076923077]",0.125,0.5740740740740741,0.0,0.5740740740740741,"[0.48148148148148145, 0.6666666666666666]",4.336808689942018e-19,0.4074074074074074,0.0,0.4074074074074074,"[0.3148148148148148, 0.5]",1.1368683772161603e-13,0.46296296296296297,0.35185185185185186,0.1111111111111111,"[0.009259259259259259, 0.21296296296296297]",0.5148388648388649,0.3882047533363323,0.12663411150253256,"[0.023350427593848647, 0.23042541908221728]",600.5833333333334,583.0,2646.5833333333335,2467.5,1702.0740740740741,1476.6944444444443,0.028425912838429213,0.0015247813425958157,1.0,3.0357660829594124e-18,3.410605131648481e-13
Fixed_vs_Reverse,2Wiki-Llama,2wikimultihopqa,llama3.1:8b,M_D,fixed,reverse,108,0.5462962962962963,0.5555555555555556,-0.0092592592592593,"[-0.07407407407407407, 0.06481481481481481]",52,7,8,41,1.0,82,0.45121951219512196,0.4878048780487805,-0.036585365853658514,"[-0.12195121951219512, 0.04878048780487805]",0.5810546875,26,0.15384615384615385,0.23076923076923078,-0.07692307692307693,"[-0.19230769230769232, 0.0]",0.5,0.5740740740740741,0.7870370370370371,-0.21296296296296302,"[-0.3055555555555556, -0.12962962962962962]",1.5236437320709229e-05,0.4074074074074074,0.5,-0.09259259259259262,"[-0.17592592592592593, -0.018518518518518517]",0.04138946533203125,0.46296296296296297,0.46296296296296297,0.0,"[-0.06481481481481481, 0.06481481481481481]",0.5148388648388649,0.5065055315055316,0.008333333333333304,"[-0.06111111111111111, 0.07777777777777778]",600.5833333333334,583.0,610.8425925925926,585.0,1702.0740740740741,1735.5833333333333,1.0,1.0,1.0,0.00019807368516921997,0.4138946533203125
Fixed_vs_B0,2Wiki-Llama,2wikimultihopqa,llama3.1:8b,M_L,fixed,b0,107,0.8037383177570093,0.4205607476635514,0.38317757009345793,"[0.2803738317757009, 0.48598130841121495]",42,44,3,18,2.4647306418046355e-10,62,0.7096774193548387,0.0,0.7096774193548387,"[0.5967741935483871, 0.8225806451612904]",1.1368683772161603e-13,45,0.06666666666666667,0.0,0.06666666666666667,"[0.0, 0.15555555555555556]",0.25,0.6728971962616822,0.0,0.6728971962616822,"[0.5794392523364486, 0.7570093457943925]",4.235164736271502e-22,0.5794392523364486,0.0,0.5794392523364486,"[0.48598130841121495, 0.6728971962616822]",4.336808689942018e-19,0.7009345794392523,0.35514018691588783,0.34579439252336447,"[0.24299065420560748, 0.4485981308411215]",0.7746180091974484,0.40594592072584235,0.36867208847160604,"[0.2750491336118409, 0.4619151850017466]",626.8130841121496,618.0,,,1792.177570093458,,1.7253114492632449e-09,6.821210263296962e-13,1.0,4.658681209898652e-21,4.7704895589362195e-18
Fixed_vs_B2,2Wiki-Llama,2wikimultihopqa,llama3.1:8b,M_L,fixed,b2,107,0.8037383177570093,0.2897196261682243,0.514018691588785,"[0.3925233644859813, 0.6355140186915887]",23,63,8,13,1.0271364278048329e-11,62,0.7096774193548387,0.3548387096774194,0.3548387096774194,"[0.1774193548387097, 0.5161290322580645]",0.00031255115754902363,45,0.06666666666666667,0.8,-0.7333333333333334,"[-0.8666666666666667, -0.5777777777777777]",2.0954757928848267e-09,0.6728971962616822,0.0,0.6728971962616822,"[0.5794392523364486, 0.7570093457943925]",4.235164736271502e-22,0.5794392523364486,0.0,0.5794392523364486,"[0.48598130841121495, 0.6728971962616822]",4.336808689942018e-19,0.7009345794392523,0.2336448598130841,0.46728971962616817,"[0.34579439252336447, 0.5794392523364486]",0.7746180091974484,0.24903455842278902,0.5255834507746594,"[0.411639663832751, 0.6373738416454915]",626.8130841121496,618.0,626.2897196261682,558.0,1792.177570093458,1552.5046728971963,1.1298500705853162e-10,0.0021878581028431654,3.14321368932724e-08,4.658681209898652e-21,4.7704895589362195e-18
Fixed_vs_B3,2Wiki-Llama,2wikimultihopqa,llama3.1:8b,M_L,fixed,b3,107,0.8037383177570093,0.48598130841121495,0.3177570093457944,"[0.205607476635514, 0.4205607476635514]",47,39,5,16,1.4051624930289108e-07,62,0.7096774193548387,0.1935483870967742,0.5161290322580645,"[0.3709677419354839, 0.6451612903225806]",1.941225491464138e-08,45,0.06666666666666667,0.1111111111111111,-0.04444444444444444,"[-0.17777777777777778, 0.06666666666666667]",0.7265625,0.6728971962616822,0.0,0.6728971962616822,"[0.5887850467289719, 0.7570093457943925]",4.235164736271502e-22,0.5794392523364486,0.0,0.5794392523364486,"[0.48598130841121495, 0.6728971962616822]",4.336808689942018e-19,0.7009345794392523,0.4485981308411215,0.2523364485981308,"[0.14953271028037382, 0.34579439252336447]",0.7746180091974484,0.48332220738762793,0.29129580180982045,"[0.19563798026998963, 0.38665034861296543]",626.8130841121496,618.0,2564.158878504673,2415.0,1792.177570093458,1473.803738317757,1.1241299944231287e-06,1.5529803931713104e-07,1.0,4.658681209898652e-21,4.7704895589362195e-18
Fixed_vs_Reverse,2Wiki-Llama,2wikimultihopqa,llama3.1:8b,M_L,fixed,reverse,107,0.8037383177570093,0.7850467289719626,0.01869158878504673,"[-0.037383177570093455, 0.07476635514018691]",80,6,4,17,0.75390625,62,0.7096774193548387,0.6935483870967742,0.016129032258064502,"[-0.06451612903225806, 0.0967741935483871]",1.0,45,0.06666666666666667,0.08888888888888889,-0.022222222222222227,"[-0.08888888888888889, 0.044444444444444446]",1.0,0.6728971962616822,0.5514018691588785,0.12149532710280375,"[0.037383177570093455, 0.205607476635514]",0.01463329792022705,0.5794392523364486,0.4672897196261682,0.11214953271028033,"[0.028037383177570093, 0.19626168224299065]",0.01690053939819336,0.7009345794392523,0.7009345794392523,0.0,"[-0.06542056074766354, 0.06542056074766354]",0.7746180091974484,0.7590930357285497,0.015524973468898695,"[-0.04383622607921673, 0.07627263702030057]",626.8130841121496,618.0,625.9345794392524,612.0,1792.177570093458,1784.1028037383178,1.0,1.0,1.0,0.1463329792022705,0.18590593338012695
Fixed_vs_B0,2Wiki-Llama,2wikimultihopqa,llama3.1:8b,D_L,fixed,b0,108,0.7592592592592593,0.2222222222222222,0.5370370370370371,"[0.4351851851851852, 0.6296296296296297]",23,59,1,25,1.0581813203458523e-16,84,0.7023809523809523,0.0,0.7023809523809523,"[0.6071428571428571, 0.7976190476190477]",3.469446951953614e-18,24,0.041666666666666664,0.0,0.041666666666666664,"[0.0, 0.125]",1.0,0.5648148148148148,0.0,0.5648148148148148,"[0.4722222222222222, 0.6574074074074074]",8.673617379884035e-19,0.5462962962962963,0.0,0.5462962962962963,"[0.4537037037037037, 0.6388888888888888]",3.469446951953614e-18,0.6944444444444444,0.19444444444444445,0.5,"[0.4074074074074074, 0.5925925925925926]",0.7318134661271917,0.23015873015873017,0.5016547359684616,"[0.40632988380537405, 0.596233076563959]",604.1018518518518,589.0,,,1688.2314814814815,,1.375635716449608e-15,4.163336342344337e-17,1.0,5.204170427930421e-18,3.122502256758253e-17
Fixed_vs_B2,2Wiki-Llama,2wikimultihopqa,llama3.1:8b,D_L,fixed,b2,108,0.7592592592592593,0.5833333333333334,0.17592592592592593,"[0.046296296296296294, 0.3055555555555556]",47,35,16,10,0.010973562899720513,84,0.7023809523809523,0.7142857142857143,-0.011904761904761973,"[-0.14285714285714285, 0.10714285714285714]",1.0,24,0.041666666666666664,0.875,-0.8333333333333334,"[-1.0, -0.625]",1.0967254638671875e-05,0.5648148148148148,0.0,0.5648148148148148,"[0.4722222222222222, 0.6574074074074074]",8.673617379884035e-19,0.5462962962962963,0.0,0.5462962962962963,"[0.4537037037037037, 0.6388888888888888]",3.469446951953614e-18,0.6944444444444444,0.5370370370370371,0.15740740740740733,"[0.037037037037037035, 0.2777777777777778]",0.7318134661271917,0.5892351475684809,0.14257831855871073,"[0.02801969227214326, 0.2548388616648421]",604.1018518518518,589.0,561.7870370370371,538.0,1688.2314814814815,1615.4259259259259,0.021947125799441025,1.0,9.870529174804688e-05,5.204170427930421e-18,3.122502256758253e-17
Fixed_vs_B3,2Wiki-Llama,2wikimultihopqa,llama3.1:8b,D_L,fixed,b3,107,0.7663551401869159,0.6261682242990654,0.14018691588785048,"[0.037383177570093455, 0.24299065420560748]",58,24,9,16,0.013530986849218607,83,0.7108433734939759,0.5903614457831325,0.12048192771084332,"[0.0, 0.24096385542168675]",0.07551869750022888,24,0.041666666666666664,0.25,-0.20833333333333334,"[-0.4166666666666667, 0.0]",0.125,0.5700934579439252,0.018691588785046728,0.5514018691588785,"[0.45794392523364486, 0.6448598130841121]",3.469446951953614e-18,0.5514018691588785,0.009345794392523364,0.5420560747663551,"[0.4485981308411215, 0.6355140186915887]",6.938893903907228e-18,0.7009345794392523,0.5607476635514018,0.14018691588785048,"[0.04672897196261682, 0.24299065420560748]",0.7386528443152962,0.6000667556742323,0.13858608864106392,"[0.042546499908374565, 0.23796817325060862]",609.7476635514018,592.0,2757.0934579439254,2408.0,1704.0093457943926,1674.4579439252336,0.028425912838429213,0.15103739500045776,1.0,2.0816681711721685e-17,6.245004513516506e-17
Fixed_vs_Reverse,2Wiki-Llama,2wikimultihopqa,llama3.1:8b,D_L,fixed,reverse,107,0.7570093457943925,0.6822429906542056,0.07476635514018692,"[-0.009345794392523364, 0.1588785046728972]",66,15,7,19,0.13380050659179688,83,0.6987951807228916,0.6024096385542169,0.09638554216867468,"[0.0, 0.20481927710843373]",0.11531829833984375,24,0.041666666666666664,0.041666666666666664,0.0,"[-0.125, 0.125]",1.0,0.5607476635514018,0.40186915887850466,0.15887850467289716,"[0.056074766355140186, 0.2616822429906542]",0.003326892852783203,0.5420560747663551,0.3925233644859813,0.1495327102803738,"[0.056074766355140186, 0.24299065420560748]",0.005222879350185395,0.6915887850467289,0.616822429906542,0.07476635514018692,"[-0.009345794392523364, 0.1588785046728972]",0.7293070499227728,0.6574779444488076,0.07182910547396526,"[-0.007932799287939461, 0.1546172674677346]",604.0467289719626,586.0,582.2523364485982,582.0,1689.8598130841121,1649.8971962616822,1.0,1.0,1.0,0.036595821380615234,0.06267455220222475
Fixed_vs_B0,2Wiki-Llama,2wikimultihopqa,llama3.1:8b,M_D_L,fixed,b0,107,0.7009345794392523,0.14953271028037382,0.5514018691588785,"[0.4485981308411215, 0.6542056074766355]",14,61,2,30,4.373671563806525e-16,91,0.6703296703296703,0.0,0.6703296703296703,"[0.5714285714285714, 0.7582417582417582]",8.673617379884035e-19,16,0.125,0.0,0.125,"[0.0, 0.3125]",0.5,0.4205607476635514,0.0,0.4205607476635514,"[0.32710280373831774, 0.514018691588785]",5.684341886080802e-14,0.35514018691588783,0.0,0.35514018691588783,"[0.2707943925233647, 0.4485981308411215]",7.275957614183426e-12,0.616822429906542,0.14953271028037382,0.46728971962616817,"[0.3644859813084112, 0.5700934579439252]",0.662661326212728,0.18324432576769026,0.47941700044503777,"[0.3829756341789052, 0.5763701602136182]",624.411214953271,609.0,,,1747.03738317757,,4.811038720187177e-15,1.1275702593849246e-17,1.0,1.1368683772161603e-13,1.4551915228366852e-11
Fixed_vs_B2,2Wiki-Llama,2wikimultihopqa,llama3.1:8b,M_D_L,fixed,b2,107,0.7009345794392523,0.4485981308411215,0.2523364485981308,"[0.12149532710280374, 0.38317757009345793]",33,42,15,17,0.00046000500864878935,91,0.6703296703296703,0.5164835164835165,0.15384615384615374,"[0.01098901098901099, 0.2967032967032967]",0.048766765904474596,16,0.125,0.9375,-0.8125,"[-1.0, -0.625]",0.000244140625,0.4205607476635514,0.0,0.4205607476635514,"[0.32710280373831774, 0.514018691588785]",5.684341886080802e-14,0.35514018691588783,0.0,0.35514018691588783,"[0.2707943925233647, 0.4485981308411215]",7.275957614183426e-12,0.616822429906542,0.4205607476635514,0.19626168224299062,"[0.07476635514018691, 0.3177570093457944]",0.662661326212728,0.46884328893674687,0.19381803727598113,"[0.07389305268978168, 0.3124306936573292]",624.411214953271,609.0,554.0654205607476,521.0,1747.03738317757,1446.1588785046729,0.0018400200345951574,0.19506706361789838,0.00177001953125,1.1368683772161603e-13,1.4551915228366852e-11
Fixed_vs_B3,2Wiki-Llama,2wikimultihopqa,llama3.1:8b,M_D_L,fixed,b3,107,0.7009345794392523,0.308411214953271,0.3925233644859813,"[0.2803738317757009, 0.5046728971962616]",27,48,6,26,3.2565301566478407e-09,91,0.6703296703296703,0.23076923076923078,0.4395604395604395,"[0.31868131868131866, 0.5604395604395604]",4.209852022540872e-09,16,0.125,0.25,-0.125,"[-0.375, 0.125]",0.625,0.4205607476635514,0.0,0.4205607476635514,"[0.32710280373831774, 0.514018691588785]",5.684341886080802e-14,0.35514018691588783,0.0,0.35514018691588783,"[0.27102803738317754, 0.4485981308411215]",7.275957614183426e-12,0.616822429906542,0.2803738317757009,0.3364485981308411,"[0.22429906542056074, 0.4485981308411215]",0.662661326212728,0.32051448715246056,0.34214683906026744,"[0.22841904703347155, 0.4518258116084604]",624.411214953271,609.0,2574.495327102804,2361.0,1747.03738317757,1511.7943925233644,3.5821831723126245e-08,4.209852022540872e-08,1.0,1.1368683772161603e-13,1.4551915228366852e-11
Fixed_vs_Reverse,2Wiki-Llama,2wikimultihopqa,llama3.1:8b,M_D_L,fixed,reverse,107,0.7009345794392523,0.6261682242990654,0.07476635514018692,"[-0.009345794392523364, 0.1588785046728972]",60,15,7,25,0.13380050659179688,91,0.6703296703296703,0.5934065934065934,0.07692307692307687,"[-0.02197802197802198, 0.17582417582417584]",0.18924713134765625,16,0.125,0.1875,-0.0625,"[-0.1875, 0.0]",1.0,0.4205607476635514,0.3364485981308411,0.08411214953271029,"[-0.009345794392523364, 0.17757009345794392]",0.12207812070846558,0.35514018691588783,0.2897196261682243,0.06542056074766356,"[-0.028037383177570093, 0.1588785046728972]",0.2295229434967041,0.616822429906542,0.5607476635514018,0.05607476635514019,"[-0.028037383177570093, 0.14018691588785046]",0.662661326212728,0.607254116599911,0.05540720961281698,"[-0.0260347129506008, 0.1348464619492657]",624.411214953271,609.0,606.5233644859813,566.0,1747.03738317757,1720.9345794392523,1.0,1.0,1.0,0.7712891562841833,1.0
Fixed_vs_B0,2Wiki-Qwen,2wikimultihopqa,qwen3.5:9b,M_D,fixed,b0,107,0.6261682242990654,0.11214953271028037,0.514018691588785,"[0.411214953271028, 0.616822429906542]",10,57,2,38,6.144390551909851e-15,95,0.6,0.0,0.6,"[0.5052631578947369, 0.6947368421052632]",1.3877787807814457e-17,12,0.16666666666666666,0.0,0.16666666666666666,"[0.0, 0.4166666666666667]",0.5,0.7383177570093458,0.0,0.7383177570093458,"[0.6542056074766355, 0.822429906542056]",3.308722450212111e-24,0.5700934579439252,0.0,0.5700934579439252,"[0.4766355140186916, 0.6635514018691588]",8.673617379884035e-19,0.5607476635514018,0.102803738317757,0.4579439252336448,"[0.35514018691588783, 0.5514018691588785]",0.5967957276368491,0.13729417000445038,0.4595015576323987,"[0.3584779706275033, 0.5596829105473965]",842.0934579439253,803.0,,,1879.3271028037384,,6.144390551909851e-14,1.5265566588595902e-16,1.0,4.632211430296955e-23,8.673617379884035e-18
Fixed_vs_B2,2Wiki-Qwen,2wikimultihopqa,qwen3.5:9b,M_D,fixed,b2,107,0.6261682242990654,0.2336448598130841,0.39252336448598124,"[0.2803738317757009, 0.5046728971962616]",20,47,5,35,1.2848229147266466e-09,95,0.6,0.21052631578947367,0.3894736842105263,"[0.2736842105263158, 0.5052631578947369]",2.4579776436439715e-08,12,0.16666666666666666,0.5833333333333334,-0.41666666666666674,"[-0.6666666666666666, -0.16666666666666666]",0.0625,0.7383177570093458,0.0,0.7383177570093458,"[0.6542056074766355, 0.822429906542056]",3.308722450212111e-24,0.5700934579439252,0.0,0.5700934579439252,"[0.4766355140186916, 0.6635514018691588]",8.673617379884035e-19,0.5607476635514018,0.205607476635514,0.3551401869158878,"[0.2523364485981308, 0.45794392523364486]",0.5967957276368491,0.24299065420560748,0.35380507343124157,"[0.24957498887405427, 0.4573664886515354]",842.0934579439253,803.0,760.3177570093458,729.0,1879.3271028037384,1592.0467289719627,8.993760403086526e-09,2.7037754080083687e-07,0.125,4.632211430296955e-23,8.673617379884035e-18
Fixed_vs_B3,2Wiki-Qwen,2wikimultihopqa,qwen3.5:9b,M_D,fixed,b3,107,0.6261682242990654,0.17757009345794392,0.44859813084112143,"[0.34579439252336447, 0.5514018691588785]",17,50,2,38,6.123990203832363e-13,95,0.6,0.07368421052631578,0.5263157894736842,"[0.42105263157894735, 0.6210526315789474]",1.7763568394002505e-15,12,0.16666666666666666,0.0,0.16666666666666666,"[0.0, 0.4166666666666667]",0.5,0.7383177570093458,0.0,0.7383177570093458,"[0.6542056074766355, 0.822429906542056]",3.308722450212111e-24,0.5700934579439252,0.0,0.5700934579439252,"[0.4766355140186916, 0.6635514018691588]",8.673617379884035e-19,0.5607476635514018,0.14018691588785046,0.42056074766355134,"[0.3177570093457944, 0.5233644859813084]",0.5967957276368491,0.18184245660881174,0.41495327102803736,"[0.31414886515353807, 0.5134846461949266]",842.0934579439253,803.0,3740.121495327103,2651.0,1879.3271028037384,373.94392523364485,7.961187264982073e-12,2.4868995751603507e-14,1.0,4.632211430296955e-23,8.673617379884035e-18
Fixed_vs_Reverse,2Wiki-Qwen,2wikimultihopqa,qwen3.5:9b,M_D,fixed,reverse,107,0.6261682242990654,0.3644859813084112,0.2616822429906542,"[0.16822429906542055, 0.35514018691588783]",36,31,3,37,7.660128176212311e-07,95,0.6,0.28421052631578947,0.3157894736842105,"[0.22105263157894736, 0.42105263157894735]",1.5366822481155396e-08,12,0.16666666666666666,0.0,0.16666666666666666,"[0.0, 0.4166666666666667]",0.5,0.7383177570093458,0.2336448598130841,0.5046728971962616,"[0.411214953271028, 0.5981308411214953]",1.1102230246251565e-16,0.5700934579439252,0.205607476635514,0.36448598130841114,"[0.27102803738317754, 0.45794392523364486]",3.637978807091713e-12,0.5607476635514018,0.308411214953271,0.2523364485981308,"[0.1588785046728972, 0.34579439252336447]",0.5967957276368491,0.345838896306186,0.25095683133066304,"[0.15954606141522026, 0.3469147752558966]",842.0934579439253,803.0,821.1028037383178,781.0,1879.3271028037384,1825.747663551402,1.2256205081939697e-05,2.4586915969848633e-07,1.0,1.7763568394002505e-15,5.820766091346741e-11
Fixed_vs_B0,2Wiki-Qwen,2wikimultihopqa,qwen3.5:9b,M_L,fixed,b0,108,0.7870370370370371,0.4074074074074074,0.3796296296296297,"[0.26851851851851855, 0.49074074074074076]",38,47,6,17,5.805322444984995e-09,64,0.734375,0.0,0.734375,"[0.625, 0.84375]",1.4210854715202004e-14,44,0.13636363636363635,0.0,0.13636363636363635,"[0.045454545454545456, 0.25]",0.03125,0.7685185185185185,0.0,0.7685185185185185,"[0.6851851851851852, 0.8425925925925926]",2.0679515313825692e-25,0.6574074074074074,0.0,0.6574074074074074,"[0.5648148148148148, 0.75]",8.470329472543003e-22,0.6944444444444444,0.37037037037037035,0.32407407407407407,"[0.21296296296296297, 0.4351851851851852]",0.7335390946502058,0.38580246913580246,0.3477366255144034,"[0.23579732510288065, 0.45596707818930043]",845.7592592592592,817.0,,,1923.5648148148148,,1.7415967334954985e-08,1.2789769243681803e-13,0.46875,3.1019272970738538e-24,1.1858461261560205e-20
Fixed_vs_B2,2Wiki-Qwen,2wikimultihopqa,qwen3.5:9b,M_L,fixed,b2,108,0.7870370370370371,0.28703703703703703,0.5,"[0.37962962962962965, 0.6203703703703703]",22,63,9,14,4.181227909275131e-11,64,0.734375,0.34375,0.390625,"[0.203125, 0.5625]",0.00017015517460094998,44,0.13636363636363635,0.7954545454545454,-0.6590909090909091,"[-0.7954545454545454, -0.5227272727272727]",3.725290298461914e-09,0.7685185185185185,0.0,0.7685185185185185,"[0.6851851851851852, 0.8425925925925926]",2.0679515313825692e-25,0.6574074074074074,0.0,0.6574074074074074,"[0.5648148148148148, 0.75]",8.470329472543003e-22,0.6944444444444444,0.24074074074074073,0.4537037037037037,"[0.3333333333333333, 0.5740740740740741]",0.7335390946502058,0.2654320987654321,0.4681069958847737,"[0.34747942386831276, 0.5826131687242798]",845.7592592592592,817.0,760.2777777777778,757.0,1923.5648148148148,1645.638888888889,4.181227909275131e-10,0.0013612413968075998,5.21540641784668e-08,3.1019272970738538e-24,1.1858461261560205e-20
Fixed_vs_B3,2Wiki-Qwen,2wikimultihopqa,qwen3.5:9b,M_L,fixed,b3,108,0.7870370370370371,0.6018518518518519,0.18518518518518523,"[0.09259259259259259, 0.2777777777777778]",60,25,5,18,0.0003249142318964005,64,0.734375,0.453125,0.28125,"[0.15625, 0.421875]",0.0002771615982055664,44,0.13636363636363635,0.18181818181818182,-0.04545454545454547,"[-0.1590909090909091, 0.06818181818181818]",0.6875,0.7685185185185185,0.0,0.7685185185185185,"[0.6851851851851852, 0.8425925925925926]",2.0679515313825692e-25,0.6574074074074074,0.0,0.6574074074074074,"[0.5648148148148148, 0.75]",8.470329472543003e-22,0.6944444444444444,0.5092592592592593,0.18518518518518512,"[0.09259259259259259, 0.2777777777777778]",0.7335390946502058,0.5446502057613168,0.188888888888889,"[0.0962962962962963, 0.28148148148148144]",845.7592592592592,817.0,4572.898148148148,3813.5,1923.5648148148148,1655.7222222222222,0.001299656927585602,0.0011086463928222656,1.0,3.1019272970738538e-24,1.1858461261560205e-20
Fixed_vs_Reverse,2Wiki-Qwen,2wikimultihopqa,qwen3.5:9b,M_L,fixed,reverse,108,0.7870370370370371,0.7314814814814815,0.05555555555555558,"[0.0, 0.1111111111111111]",77,8,2,21,0.109375,64,0.734375,0.65625,0.078125,"[0.0, 0.15625]",0.125,44,0.13636363636363635,0.1590909090909091,-0.022727272727272735,"[-0.11363636363636363, 0.045454545454545456]",1.0,0.7685185185185185,0.5648148148148148,0.20370370370370372,"[0.12037037037037036, 0.2962962962962963]",2.744048833847046e-05,0.6574074074074074,0.49074074074074076,0.16666666666666669,"[0.08333333333333333, 0.25]",0.0002771615982055664,0.6944444444444444,0.6296296296296297,0.06481481481481477,"[0.018518518518518517, 0.12037037037037036]",0.7335390946502058,0.6724279835390946,0.06111111111111123,"[0.009259259259259259, 0.11666666666666667]",845.7592592592592,817.0,842.4629629629629,813.5,1923.5648148148148,1925.1574074074074,1.0,1.0,1.0,0.0003292858600616455,0.0036031007766723633
Fixed_vs_B0,2Wiki-Qwen,2wikimultihopqa,qwen3.5:9b,D_L,fixed,b0,108,0.5925925925925926,0.18518518518518517,0.4074074074074074,"[0.3148148148148148, 0.5]",19,45,1,43,1.3358203432289883e-12,88,0.5113636363636364,0.0,0.5113636363636364,"[0.4090909090909091, 0.6136363636363636]",5.684341886080802e-14,20,0.05,0.0,0.05,"[0.0, 0.15]",1.0,0.5,0.0,0.5,"[0.4074074074074074, 0.5925925925925926]",1.1102230246251565e-16,0.4166666666666667,0.0,0.4166666666666667,"[0.32407407407407407, 0.5092592592592593]",5.684341886080802e-14,0.5277777777777778,0.1574074074074074,0.37037037037037035,"[0.2777777777777778, 0.46296296296296297]",0.5705687830687831,0.1915784832451499,0.3789902998236332,"[0.29113150352733685, 0.4719808201058201]",889.1666666666666,824.5,,,1854.4814814814815,,1.0686562745831907e-11,3.979039320256561e-13,1.0,4.440892098500626e-16,2.2737367544323206e-13
Fixed_vs_B2,2Wiki-Qwen,2wikimultihopqa,qwen3.5:9b,D_L,fixed,b2,108,0.5925925925925926,0.3333333333333333,0.25925925925925924,"[0.12962962962962962, 0.37962962962962965]",23,41,13,31,0.00017512673440589485,88,0.5113636363636364,0.2840909090909091,0.22727272727272724,"[0.07954545454545454, 0.36363636363636365]",0.003657766827927844,20,0.05,0.45,-0.4,"[-0.65, -0.15]",0.021484375,0.5,0.0,0.5,"[0.4074074074074074, 0.5925925925925926]",1.1102230246251565e-16,0.4166666666666667,0.0,0.4166666666666667,"[0.32407407407407407, 0.5092592592592593]",5.684341886080802e-14,0.5277777777777778,0.2962962962962963,0.2314814814814815,"[0.1111111111111111, 0.35185185185185186]",0.5705687830687831,0.331194885361552,0.2393738977072311,"[0.1214649470899471, 0.3551146384479718]",889.1666666666666,824.5,785.2870370370371,764.5,1854.4814814814815,1722.1203703703704,0.0008756336720294743,0.021946600967567065,0.064453125,4.440892098500626e-16,2.2737367544323206e-13
Fixed_vs_B3,2Wiki-Qwen,2wikimultihopqa,qwen3.5:9b,D_L,fixed,b3,108,0.5925925925925926,0.2962962962962963,0.2962962962962963,"[0.19444444444444445, 0.39814814814814814]",29,35,3,41,6.677873898297548e-08,88,0.5113636363636364,0.13636363636363635,0.375,"[0.26136363636363635, 0.48863636363636365]",1.0244548320770264e-08,20,0.05,0.0,0.05,"[0.0, 0.15]",1.0,0.5,0.0,0.5,"[0.4074074074074074, 0.5925925925925926]",1.1102230246251565e-16,0.4166666666666667,0.0,0.4166666666666667,"[0.32407407407407407, 0.5092592592592593]",5.684341886080802e-14,0.5277777777777778,0.25,0.2777777777777778,"[0.18518518518518517, 0.37037037037037035]",0.5705687830687831,0.29034391534391535,0.28022486772486777,"[0.1922833994708995, 0.3724884259259259]",889.1666666666666,824.5,4064.953703703704,2831.0,1854.4814814814815,417.72222222222223,6.010086508467793e-07,9.220093488693237e-08,1.0,5.551115123125783e-16,2.2737367544323206e-13
Fixed_vs_Reverse,2Wiki-Qwen,2wikimultihopqa,qwen3.5:9b,D_L,fixed,reverse,108,0.5925925925925926,0.6111111111111112,-0.0185185185185186,"[-0.08333333333333333, 0.046296296296296294]",58,6,8,36,0.79052734375,88,0.5113636363636364,0.5340909090909091,-0.022727272727272707,"[-0.10227272727272728, 0.056818181818181816]",0.7744140625,20,0.05,0.05,0.0,"[-0.15, 0.15]",1.0,0.5,0.5185185185185185,-0.01851851851851849,"[-0.1111111111111111, 0.07407407407407407]",0.8388197422027588,0.4166666666666667,0.4537037037037037,-0.037037037037037035,"[-0.12037037037037036, 0.046296296296296294]",0.5234670639038086,0.5277777777777778,0.5555555555555556,-0.02777777777777779,"[-0.09259259259259259, 0.027777777777777776]",0.5705687830687831,0.5853835978835978,-0.014814814814814725,"[-0.075, 0.04537037037037037]",889.1666666666666,824.5,819.074074074074,816.5,1854.4814814814815,1868.9074074074074,1.0,1.0,1.0,1.0,1.0
Fixed_vs_B0,2Wiki-Qwen,2wikimultihopqa,qwen3.5:9b,M_D_L,fixed,b0,108,0.6481481481481481,0.07407407407407407,0.5740740740740741,"[0.46296296296296297, 0.6759259259259259]",5,65,3,35,3.5550311609441887e-16,100,0.65,0.0,0.65,"[0.55, 0.74]",5.421010862427522e-20,8,0.375,0.0,0.375,"[0.125, 0.75]",0.25,0.6111111111111112,0.0,0.6111111111111112,"[0.5185185185185185, 0.7037037037037037]",2.710505431213761e-20,0.5277777777777778,0.0,0.5277777777777778,"[0.4351851851851852, 0.6203703703703703]",1.3877787807814457e-17,0.5555555555555556,0.06481481481481481,0.49074074074074076,"[0.3888888888888889, 0.5925925925925926]",0.6008156966490299,0.09821428571428571,0.5026014109347442,"[0.40127425044091697, 0.6004453262786595]",839.9537037037037,799.0,,,1859.1944444444443,,4.2660373931330264e-15,7.589415207398531e-19,1.0,2.439454888092385e-19,8.326672684688674e-17
Fixed_vs_B2,2Wiki-Qwen,2wikimultihopqa,qwen3.5:9b,M_D_L,fixed,b2,108,0.6481481481481481,0.16666666666666666,0.4814814814814815,"[0.37037037037037035, 0.5925925925925926]",13,57,5,33,3.0655256978706635e-12,100,0.65,0.16,0.49,"[0.37, 0.6]",1.9067358802971057e-11,8,0.375,0.75,-0.375,"[-0.75, -0.125]",0.25,0.6111111111111112,0.0,0.6111111111111112,"[0.5185185185185185, 0.7037037037037037]",2.710505431213761e-20,0.5277777777777778,0.0,0.5277777777777778,"[0.4351851851851852, 0.6203703703703703]",1.3877787807814457e-17,0.5555555555555556,0.14814814814814814,0.40740740740740744,"[0.2962962962962963, 0.5092592592592593]",0.6008156966490299,0.1845899470899471,0.41622574955908276,"[0.3092559523809524, 0.5179056437389771]",839.9537037037037,799.0,738.9722222222222,721.0,1859.1944444444443,1535.5555555555557,3.678630837444796e-11,2.4787566443862374e-10,0.25,2.439454888092385e-19,8.326672684688674e-17
Fixed_vs_B3,2Wiki-Qwen,2wikimultihopqa,qwen3.5:9b,M_D_L,fixed,b3,108,0.6481481481481481,0.2037037037037037,0.4444444444444444,"[0.3333333333333333, 0.5465277777777744]",18,52,4,34,1.1008055578187737e-11,100,0.65,0.15,0.5,"[0.4, 0.6]",2.353672812205332e-14,8,0.375,0.125,0.25,"[-0.25, 0.75]",0.625,0.6111111111111112,0.0,0.6111111111111112,"[0.5185185185185185, 0.7037037037037037]",2.710505431213761e-20,0.5277777777777778,0.0,0.5277777777777778,"[0.4351851851851852, 0.6203703703703703]",1.3877787807814457e-17,0.5555555555555556,0.17592592592592593,0.37962962962962965,"[0.2777777777777778, 0.49074074074074076]",0.6008156966490299,0.20932539682539683,0.39149029982363304,"[0.2840376984126984, 0.49647707231040555]",839.9537037037037,799.0,3416.75,2646.0,1859.1944444444443,631.5185185185185,1.3209666693825284e-10,3.0597746558669314e-13,1.0,2.439454888092385e-19,9.71445146547012e-17
Fixed_vs_Reverse,2Wiki-Qwen,2wikimultihopqa,qwen3.5:9b,M_D_L,fixed,reverse,108,0.6481481481481481,0.5370370370370371,0.11111111111111105,"[0.027777777777777776, 0.19444444444444445]",53,17,5,33,0.01690053939819336,100,0.65,0.53,0.12,"[0.04, 0.2]",0.007537841796875,8,0.375,0.375,0.0,"[-0.5, 0.5]",1.0,0.6111111111111112,0.3611111111111111,0.25000000000000006,"[0.16666666666666666, 0.3333333333333333]",1.1175870895385742e-07,0.5277777777777778,0.32407407407407407,0.20370370370370372,"[0.12962962962962962, 0.28703703703703703]",2.9802322387695312e-06,0.5555555555555556,0.4722222222222222,0.08333333333333337,"[0.009259259259259259, 0.1574074074074074]",0.6008156966490299,0.5097663139329806,0.09104938271604934,"[0.015432098765432101, 0.1712962962962963]",839.9537037037037,799.0,833.1481481481482,804.0,1859.1944444444443,1856.6851851851852,0.23660755157470703,0.10552978515625,1.0,1.564621925354004e-06,4.172325134277344e-05
Fixed_vs_B0,Hotpot-Llama,hotpotqa,llama3.1:8b,M_D,fixed,b0,108,0.6851851851851852,0.4166666666666667,0.26851851851851855,"[0.1574074074074074, 0.37962962962962965]",37,37,8,26,1.5374090196473844e-05,63,0.5873015873015873,0.0,0.5873015873015873,"[0.4603174603174603, 0.6984126984126984]",1.4551915228366852e-11,45,0.17777777777777778,0.0,0.17777777777777778,"[0.06666666666666667, 0.28888888888888886]",0.0078125,0.5,0.0,0.5,"[0.4074074074074074, 0.5925925925925926]",1.1102230246251565e-16,0.4351851851851852,0.0,0.4351851851851852,"[0.3425925925925926, 0.5277777777777778]",1.4210854715202004e-14,0.46296296296296297,0.25925925925925924,0.20370370370370372,"[0.10162037037037057, 0.3055555555555556]",0.5909685479129924,0.3735817166372722,0.21738683127572017,"[0.12549860376249267, 0.3091424162257496]",613.2685185185185,616.0,,,1778.2777777777778,,1.5374090196473844e-05,4.3655745685100555e-11,0.125,4.440892098500626e-16,7.105427357601002e-14
Fixed_vs_B2,Hotpot-Llama,hotpotqa,llama3.1:8b,M_D,fixed,b2,108,0.6851851851851852,0.46296296296296297,0.22222222222222227,"[0.10185185185185185, 0.3425925925925926]",37,37,13,21,0.000936222910851825,63,0.5873015873015873,0.47619047619047616,0.11111111111111116,"[-0.047619047619047616, 0.2698412698412698]",0.26493089646101,45,0.17777777777777778,0.5555555555555556,-0.37777777777777777,"[-0.5333333333333333, -0.2]",0.00022125244140625,0.5,0.0,0.5,"[0.4074074074074074, 0.5925925925925926]",1.1102230246251565e-16,0.4351851851851852,0.0,0.4351851851851852,"[0.3425925925925926, 0.5277777777777778]",1.4210854715202004e-14,0.46296296296296297,0.28703703703703703,0.17592592592592593,"[0.07407407407407407, 0.2777777777777778]",0.5909685479129924,0.41298558472887975,0.1779829631841126,"[0.07558436548019883, 0.2832603694995936]",613.2685185185185,616.0,538.9537037037037,521.0,1778.2777777777778,1500.898148148148,0.002808668732555475,0.52986179292202,0.00177001953125,4.440892098500626e-16,7.105427357601002e-14
Fixed_vs_B3,Hotpot-Llama,hotpotqa,llama3.1:8b,M_D,fixed,b3,106,0.6886792452830188,0.44339622641509435,0.24528301886792447,"[0.1320754716981132, 0.3584905660377358]",37,36,10,23,0.00015641720852954677,61,0.5901639344262295,0.18032786885245902,0.4098360655737705,"[0.2459016393442623, 0.5737704918032787]",4.12575900554657e-05,45,0.17777777777777778,0.2,-0.022222222222222227,"[-0.15555555555555556, 0.1111111111111111]",1.0,0.5,0.0,0.5,"[0.4056603773584906, 0.5943396226415094]",2.220446049250313e-16,0.4339622641509434,0.0,0.4339622641509434,"[0.33962264150943394, 0.5283018867924528]",2.842170943040401e-14,0.46226415094339623,0.27358490566037735,0.18867924528301888,"[0.07547169811320754, 0.29245283018867924]",0.5926849356094639,0.38228511530398324,0.21039982030548066,"[0.11027927523210541, 0.3097343890386343]",613.5754716981132,616.0,2664.0849056603774,2497.0,1784.7264150943397,1527.688679245283,0.0007820860426477338,0.0002062879502773285,1.0,8.881784197001252e-16,1.4210854715202004e-13
Fixed_vs_Reverse,Hotpot-Llama,hotpotqa,llama3.1:8b,M_D,fixed,reverse,106,0.6792452830188679,0.6792452830188679,0.0,"[-0.07547169811320754, 0.07547169811320754]",64,8,8,26,1.0,61,0.5737704918032787,0.5409836065573771,0.032786885245901565,"[-0.08196721311475409, 0.14754098360655737]",0.7744140625,45,0.17777777777777778,0.13333333333333333,0.04444444444444445,"[-0.044444444444444446, 0.13333333333333333]",0.625,0.5,0.5943396226415094,-0.09433962264150941,"[-0.19811320754716982, 0.009433962264150943]",0.11018416518345475,0.4339622641509434,0.5,-0.06603773584905659,"[-0.16037735849056603, 0.02830188679245283]",0.2295229434967041,0.4528301886792453,0.4528301886792453,0.0,"[-0.0660377358490566, 0.0660377358490566]",0.583250973345313,0.5822626534890686,0.0009883198562443685,"[-0.0584961814914645, 0.06132075471698113]",614.6132075471698,616.0,618.2830188679245,603.5,1782.8867924528302,1791.3962264150944,1.0,1.0,1.0,0.7712891562841833,1.0
Fixed_vs_B0,Hotpot-Llama,hotpotqa,llama3.1:8b,M_L,fixed,b0,101,0.8811881188118812,0.48514851485148514,0.39603960396039606,"[0.2871287128712871, 0.504950495049505]",46,43,3,9,4.6219383875722997e-10,52,0.8269230769230769,0.0,0.8269230769230769,"[0.7115384615384616, 0.9230769230769231]",2.2737367544323206e-13,49,0.061224489795918366,0.0,0.061224489795918366,"[0.0, 0.14285714285714285]",0.25,0.6336633663366337,0.0,0.6336633663366337,"[0.5445544554455446, 0.7227722772277227]",1.0842021724855044e-19,0.5742574257425742,0.0,0.5742574257425742,"[0.4752475247524752, 0.6732673267326733]",6.938893903907228e-18,0.7029702970297029,0.38613861386138615,0.3168316831683168,"[0.21782178217821782, 0.4158415841584158]",0.811032531824611,0.48234537739488237,0.3286871544297286,"[0.23087330161587588, 0.42772330804509023]",650.8019801980198,647.0,,,1889.9108910891089,,2.31096919378615e-09,1.1368683772161603e-12,1.0,8.673617379884035e-19,5.551115123125783e-17
Fixed_vs_B2,Hotpot-Llama,hotpotqa,llama3.1:8b,M_L,fixed,b2,101,0.8811881188118812,0.3564356435643564,0.5247524752475248,"[0.42574257425742573, 0.6237623762376238]",35,54,1,11,3.1086244689504383e-15,52,0.8269230769230769,0.15384615384615385,0.673076923076923,"[0.5384615384615384, 0.8076923076923077]",5.529727786779404e-10,49,0.061224489795918366,0.42857142857142855,-0.36734693877551017,"[-0.5102040816326531, -0.22448979591836735]",7.62939453125e-06,0.6336633663366337,0.0,0.6336633663366337,"[0.5346534653465347, 0.7227722772277227]",1.0842021724855044e-19,0.5742574257425742,0.0,0.5742574257425742,"[0.4752475247524752, 0.6732673267326733]",6.938893903907228e-18,0.7029702970297029,0.27722772277227725,0.4257425742574257,"[0.32673267326732675, 0.5247524752475248]",0.811032531824611,0.34355649850699355,0.46747603331761745,"[0.3718189140342606, 0.5595169338362407]",650.8019801980198,647.0,569.2178217821782,560.0,1889.9108910891089,1651.7425742574258,4.3520742565306136e-14,6.6356733441352844e-09,9.1552734375e-05,8.673617379884035e-19,5.551115123125783e-17
Fixed_vs_B3,Hotpot-Llama,hotpotqa,llama3.1:8b,M_L,fixed,b3,101,0.8811881188118812,0.5247524752475248,0.3564356435643564,"[0.25742574257425743, 0.46534653465346537]",50,39,3,9,5.631591193377972e-09,52,0.8269230769230769,0.1346153846153846,0.6923076923076923,"[0.5384615384615384, 0.8269230769230769]",1.4933903003111482e-09,49,0.061224489795918366,0.061224489795918366,0.0,"[-0.061224489795918366, 0.061224489795918366]",1.0,0.6336633663366337,0.0,0.6336633663366337,"[0.5445544554455446, 0.7227722772277227]",1.0842021724855044e-19,0.5742574257425742,0.0,0.5742574257425742,"[0.4752475247524752, 0.6732673267326733]",6.938893903907228e-18,0.7029702970297029,0.39603960396039606,0.30693069306930687,"[0.2079207920792079, 0.40594059405940597]",0.811032531824611,0.49201634449159204,0.31901618733301895,"[0.22325789721829328, 0.41330268741159815]",650.8019801980198,647.0,2708.970297029703,2521.0,1889.9108910891089,1622.8415841584158,5.6315911933779716e-08,1.642729330342263e-08,1.0,8.673617379884035e-19,6.245004513516506e-17
Fixed_vs_Reverse,Hotpot-Llama,hotpotqa,llama3.1:8b,M_L,fixed,reverse,96,0.875,0.8854166666666666,-0.01041666666666663,"[-0.052083333333333336, 0.03125]",82,2,3,9,1.0,51,0.8235294117647058,0.8235294117647058,0.0,"[-0.0784313725490196, 0.0784313725490196]",1.0,45,0.06666666666666667,0.044444444444444446,0.02222222222222222,"[0.0, 0.06666666666666667]",1.0,0.65625,0.65625,0.0,"[-0.0625, 0.0625]",1.0,0.59375,0.6041666666666666,-0.01041666666666663,"[-0.07291666666666667, 0.052083333333333336]",1.0,0.6979166666666666,0.71875,-0.02083333333333337,"[-0.052083333333333336, 0.0]",0.8046626984126984,0.8324404761904761,-0.02777777777777768,"[-0.06458333333333333, 0.0013888888888888898]",649.875,644.0,638.9791666666666,631.0,1881.40625,1859.3541666666667,1.0,1.0,1.0,1.0,1.0
Fixed_vs_B0,Hotpot-Llama,hotpotqa,llama3.1:8b,D_L,fixed,b0,101,0.8217821782178217,0.46534653465346537,0.35643564356435636,"[0.25742574257425743, 0.45544554455445546]",46,37,1,17,2.837623469531536e-10,54,0.6851851851851852,0.0,0.6851851851851852,"[0.5555555555555556, 0.7962962962962963]",1.4551915228366852e-11,47,0.02127659574468085,0.0,0.02127659574468085,"[0.0, 0.06382978723404255]",1.0,0.5742574257425742,0.0,0.5742574257425742,"[0.4752475247524752, 0.6732673267326733]",6.938893903907228e-18,0.5742574257425742,0.0,0.5742574257425742,"[0.4752475247524752, 0.6732673267326733]",6.938893903907228e-18,0.6138613861386139,0.32673267326732675,0.2871287128712871,"[0.19801980198019803, 0.37623762376237624]",0.7313609932421813,0.44856985698569857,0.2827911362564827,"[0.19435564985069936, 0.37292393525066786]",612.1386138613861,652.0,,,1718.0891089108911,,1.7253114492632449e-09,4.3655745685100555e-11,1.0,3.469446951953614e-17,5.551115123125783e-17
Fixed_vs_B2,Hotpot-Llama,hotpotqa,llama3.1:8b,D_L,fixed,b2,101,0.8217821782178217,0.42574257425742573,0.396039603960396,"[0.26732673267326734, 0.5247524752475248]",34,49,9,9,8.959402428981857e-08,54,0.6851851851851852,0.5,0.18518518518518523,"[0.0, 0.37037037037037035]",0.08715855330228806,47,0.02127659574468085,0.6595744680851063,-0.6382978723404255,"[-0.7659574468085106, -0.48936170212765956]",1.862645149230957e-09,0.5742574257425742,0.0,0.5742574257425742,"[0.4752475247524752, 0.6732673267326733]",6.938893903907228e-18,0.5742574257425742,0.0,0.5742574257425742,"[0.4752475247524752, 0.6732673267326733]",6.938893903907228e-18,0.6138613861386139,0.2871287128712871,0.32673267326732675,"[0.21782178217821782, 0.43564356435643564]",0.7313609932421813,0.41354014522331356,0.31782084801886773,"[0.21667930529316673, 0.4186640518447449]",612.1386138613861,652.0,582.4851485148515,576.0,1718.0891089108911,1610.6633663366338,5.375641457389114e-07,0.26147565990686417,2.9802322387695312e-08,3.469446951953614e-17,5.551115123125783e-17
Fixed_vs_B3,Hotpot-Llama,hotpotqa,llama3.1:8b,D_L,fixed,b3,101,0.8217821782178217,0.7425742574257426,0.07920792079207917,"[-0.009900990099009901, 0.16831683168316833]",68,15,7,11,0.13380050659179688,54,0.6851851851851852,0.5185185185185185,0.16666666666666674,"[0.0, 0.3148148148148148]",0.0783538818359375,47,0.02127659574468085,0.0,0.02127659574468085,"[0.0, 0.06382978723404255]",1.0,0.5742574257425742,0.04950495049504951,0.5247524752475247,"[0.42574257425742573, 0.6237623762376238]",3.1086244689504383e-15,0.5742574257425742,0.04950495049504951,0.5247524752475247,"[0.42574257425742573, 0.6237623762376238]",3.1086244689504383e-15,0.6138613861386139,0.5445544554455446,0.06930693069306926,"[-0.009900990099009901, 0.1485148514851485]",0.7313609932421813,0.6623683796951124,0.06899261354706887,"[-0.010169338362407672, 0.14967900361464714]",612.1386138613861,652.0,2806.1188118811883,2542.0,1718.0891089108911,1666.039603960396,0.13380050659179688,0.15103739500045776,1.0,9.325873406851315e-15,1.865174681370263e-14
Fixed_vs_Reverse,Hotpot-Llama,hotpotqa,llama3.1:8b,D_L,fixed,reverse,99,0.8181818181818182,0.797979797979798,0.02020202020202022,"[-0.050505050505050504, 0.09090909090909091]",74,7,5,13,0.7744140625,53,0.6792452830188679,0.6415094339622641,0.037735849056603765,"[-0.09433962264150944, 0.16981132075471697]",0.7744140625,46,0.021739130434782608,0.021739130434782608,0.0,"[0.0, 0.0]",1.0,0.5757575757575758,0.46464646464646464,0.11111111111111116,"[0.010101010101010102, 0.21212121212121213]",0.043285250663757324,0.5757575757575758,0.46464646464646464,0.11111111111111116,"[0.020202020202020204, 0.21212121212121213]",0.043285250663757324,0.6060606060606061,0.5858585858585859,0.02020202020202022,"[-0.04040404040404041, 0.08080808080808081]",0.7259339426006092,0.7318823152156485,-0.005948372615039332,"[-0.06184062850729517, 0.04882154882154883]",610.7474747474747,652.0,619.3232323232323,631.0,1716.5555555555557,1798.6969696969697,1.0,1.0,1.0,0.3895672559738159,0.4138946533203125
Fixed_vs_B0,Hotpot-Llama,hotpotqa,llama3.1:8b,M_D_L,fixed,b0,104,0.7692307692307693,0.33653846153846156,0.4326923076923077,"[0.33653846153846156, 0.5288461538461539]",34,46,1,23,6.821210263296962e-13,69,0.6666666666666666,0.0,0.6666666666666666,"[0.5507246376811594, 0.7681159420289855]",2.842170943040401e-14,35,0.02857142857142857,0.0,0.02857142857142857,"[0.0, 0.08571428571428572]",1.0,0.38461538461538464,0.0,0.38461538461538464,"[0.28846153846153844, 0.4807692307692308]",1.8189894035458565e-12,0.34615384615384615,0.0,0.34615384615384615,"[0.25961538461538464, 0.4423076923076923]",2.9103830456733704e-11,0.5576923076923077,0.2403846153846154,0.3173076923076923,"[0.23076923076923078, 0.40384615384615385]",0.6853556166056166,0.36173687423687423,0.3236187423687424,"[0.23949004120879122, 0.41176224816849816]",635.625,638.0,,,1802.2211538461538,,6.139089236967266e-12,2.2737367544323206e-13,1.0,1.8189894035458565e-12,2.9103830456733704e-11
Fixed_vs_B2,Hotpot-Llama,hotpotqa,llama3.1:8b,M_D_L,fixed,b2,104,0.7692307692307693,0.33653846153846156,0.4326923076923077,"[0.3173076923076923, 0.5480769230769231]",29,51,6,18,5.676193126635808e-10,69,0.6666666666666666,0.2753623188405797,0.3913043478260869,"[0.2318840579710145, 0.5362318840579711]",1.429926123819314e-05,35,0.02857142857142857,0.5428571428571428,-0.5142857142857142,"[-0.6857142857142857, -0.34285714285714286]",7.62939453125e-06,0.38461538461538464,0.0,0.38461538461538464,"[0.28846153846153844, 0.4807692307692308]",1.8189894035458565e-12,0.34615384615384615,0.0,0.34615384615384615,"[0.25, 0.4423076923076923]",2.9103830456733704e-11,0.5576923076923077,0.22115384615384615,0.33653846153846156,"[0.2403846153846154, 0.4326923076923077]",0.6853556166056166,0.33458555333555334,0.35077006327006327,"[0.2510379204129204, 0.44954254079254063]",635.625,638.0,561.0384615384615,557.0,1802.2211538461538,1494.5384615384614,4.540954501308646e-09,0.00012869335114373825,9.1552734375e-05,1.8189894035458565e-12,2.9103830456733704e-11
Fixed_vs_B3,Hotpot-Llama,hotpotqa,llama3.1:8b,M_D_L,fixed,b3,104,0.7692307692307693,0.47115384615384615,0.29807692307692313,"[0.18269230769230768, 0.40408653846153497]",42,38,7,17,3.1213096463034162e-06,69,0.6666666666666666,0.2753623188405797,0.3913043478260869,"[0.2318840579710145, 0.5362318840579711]",1.429926123819314e-05,35,0.02857142857142857,0.14285714285714285,-0.11428571428571428,"[-0.2571428571428571, 0.0]",0.21875,0.38461538461538464,0.0,0.38461538461538464,"[0.28846153846153844, 0.4807692307692308]",1.8189894035458565e-12,0.34615384615384615,0.0,0.34615384615384615,"[0.25961538461538464, 0.4423076923076923]",2.9103830456733704e-11,0.5576923076923077,0.33653846153846156,0.22115384615384615,"[0.125, 0.3173076923076923]",0.6853556166056166,0.45506985704354125,0.23028575956207537,"[0.1407903938167096, 0.3214926603002261]",635.625,638.0,2595.923076923077,2489.5,1802.2211538461538,1548.673076923077,2.1849167524123914e-05,8.579556742915884e-05,1.0,1.8189894035458565e-12,2.9103830456733704e-11
Fixed_vs_Reverse,Hotpot-Llama,hotpotqa,llama3.1:8b,M_D_L,fixed,reverse,99,0.797979797979798,0.7676767676767676,0.030303030303030387,"[-0.030303030303030304, 0.09090909090909091]",73,6,3,17,0.5078125,65,0.7076923076923077,0.676923076923077,0.03076923076923077,"[-0.046153846153846156, 0.12307692307692308]",0.7265625,34,0.029411764705882353,0.058823529411764705,-0.029411764705882353,"[-0.08823529411764706, 0.0]",1.0,0.3838383838383838,0.45454545454545453,-0.07070707070707072,"[-0.16161616161616163, 0.020202020202020204]",0.18924713134765625,0.35353535353535354,0.42424242424242425,-0.07070707070707072,"[-0.15151515151515152, 0.010101010101010102]",0.1670684814453125,0.5757575757575758,0.5555555555555556,0.02020202020202022,"[-0.04040404040404041, 0.08080808080808081]",0.7048180214846882,0.6997431178590598,0.005074903625628346,"[-0.05162738496071829, 0.060118089103596346]",634.3939393939394,636.0,622.7373737373738,618.0,1799.8080808080808,1791.989898989899,1.0,1.0,1.0,0.9462356567382812,1.0
Fixed_vs_B0,Hotpot-Qwen,hotpotqa,qwen3.5:9b,M_D,fixed,b0,108,0.8981481481481481,0.25,0.6481481481481481,"[0.5555555555555556, 0.7407407407407407]",27,70,0,11,1.6940658945086007e-21,81,0.8641975308641975,0.0,0.8641975308641975,"[0.7901234567901234, 0.9382716049382716]",1.6940658945086007e-21,27,0.0,0.0,0.0,"[0.0, 0.0]",1.0,0.9444444444444444,0.0,0.9444444444444444,"[0.8981481481481481, 0.9814814814814815]",3.944304526105059e-31,0.8888888888888888,0.0,0.8888888888888888,"[0.8240740740740741, 0.9444444444444444]",2.524354896707238e-29,0.6851851851851852,0.17592592592592593,0.5092592592592593,"[0.4074074074074074, 0.6018518518518519]",0.8277182965908456,0.2843928705039816,0.5433254260868641,"[0.45909099002848996, 0.6266749122488501]",839.6851851851852,833.0,,,1927.0740740740741,,2.710505431213761e-20,2.710505431213761e-20,1.0,6.310887241768095e-30,4.0389678347315804e-28
Fixed_vs_B2,Hotpot-Qwen,hotpotqa,qwen3.5:9b,M_D,fixed,b2,108,0.8981481481481481,0.3888888888888889,0.5092592592592593,"[0.4074074074074074, 0.6111111111111112]",39,58,3,8,3.2857397358476703e-14,81,0.8641975308641975,0.2839506172839506,0.5802469135802468,"[0.4567901234567901, 0.7037037037037037]",5.519584789226428e-12,27,0.0,0.2962962962962963,-0.2962962962962963,"[-0.48148148148148145, -0.14814814814814814]",0.0078125,0.9444444444444444,0.0,0.9444444444444444,"[0.8981481481481481, 0.9814814814814815]",3.944304526105059e-31,0.8888888888888888,0.0,0.8888888888888888,"[0.8240740740740741, 0.9444444444444444]",2.524354896707238e-29,0.6851851851851852,0.24074074074074073,0.44444444444444453,"[0.3425925925925926, 0.5462962962962963]",0.8277182965908456,0.38332454204131094,0.44439375454953467,"[0.34835588391953415, 0.5384062345389483]",839.6851851851852,833.0,1185.851851851852,750.5,1927.0740740740741,1621.0092592592594,4.2714616566019714e-13,7.727418704917e-11,0.0390625,6.310887241768095e-30,4.0389678347315804e-28
Fixed_vs_B3,Hotpot-Qwen,hotpotqa,qwen3.5:9b,M_D,fixed,b3,108,0.8981481481481481,0.28703703703703703,0.6111111111111112,"[0.5185185185185185, 0.7037037037037037]",31,66,0,11,2.710505431213761e-20,81,0.8641975308641975,0.07407407407407407,0.7901234567901234,"[0.7037037037037037, 0.8765432098765432]",1.0842021724855044e-19,27,0.0,0.07407407407407407,-0.07407407407407407,"[-0.18518518518518517, 0.0]",0.5,0.9444444444444444,0.0,0.9444444444444444,"[0.8981481481481481, 0.9814814814814815]",3.944304526105059e-31,0.8888888888888888,0.0,0.8888888888888888,"[0.8240740740740741, 0.9444444444444444]",2.524354896707238e-29,0.6851851851851852,0.19444444444444445,0.4907407407407408,"[0.39814814814814814, 0.5833333333333334]",0.8277182965908456,0.3152570680348458,0.5124612285559997,"[0.4262524348533336, 0.5971288839609917]",839.6851851851852,833.0,4682.935185185185,2719.5,1927.0740740740741,397.0925925925926,4.336808689942018e-19,1.734723475976807e-18,1.0,6.310887241768095e-30,4.0389678347315804e-28
Fixed_vs_Reverse,Hotpot-Qwen,hotpotqa,qwen3.5:9b,M_D,fixed,reverse,108,0.8981481481481481,0.7129629629629629,0.18518518518518523,"[0.1111111111111111, 0.26851851851851855]",76,21,1,10,1.0967254638671875e-05,81,0.8641975308641975,0.6172839506172839,0.24691358024691357,"[0.14814814814814814, 0.35802469135802467]",1.0967254638671875e-05,27,0.0,0.0,0.0,"[0.0, 0.0]",1.0,0.9444444444444444,0.6481481481481481,0.2962962962962963,"[0.2037037037037037, 0.3888888888888889]",1.941225491464138e-08,0.8888888888888888,0.6018518518518519,0.287037037037037,"[0.2037037037037037, 0.37962962962962965]",7.916241884231567e-09,0.6851851851851852,0.5092592592592593,0.17592592592592593,"[0.10185185185185185, 0.25]",0.8277182965908456,0.6777649819316486,0.14995331465919703,"[0.08412251011515717, 0.2193534080298786]",839.6851851851852,833.0,833.8703703703703,835.0,1927.0740740740741,1885.787037037037,0.00016450881958007812,0.00016450881958007812,1.0,2.911838237196207e-07,1.1874362826347351e-07
Fixed_vs_B0,Hotpot-Qwen,hotpotqa,qwen3.5:9b,M_L,fixed,b0,108,0.8981481481481481,0.5370370370370371,0.36111111111111105,"[0.25925925925925924, 0.46296296296296297]",54,43,4,7,2.781192165457469e-09,50,0.86,0.0,0.86,"[0.76, 0.94]",2.2737367544323206e-13,58,0.06896551724137931,0.0,0.06896551724137931,"[0.017241379310344827, 0.13793103448275862]",0.125,0.6296296296296297,0.0,0.6296296296296297,"[0.5370370370370371, 0.7222222222222222]",6.776263578034403e-21,0.6018518518518519,0.0,0.6018518518518519,"[0.5092592592592593, 0.6944444444444444]",5.421010862427522e-20,0.7222222222222222,0.4444444444444444,0.2777777777777778,"[0.17592592592592593, 0.37962962962962965]",0.838830099941211,0.5303350970017637,0.3084950029394473,"[0.21300668724279834, 0.40470421810699586]",845.7962962962963,842.0,,,1950.962962962963,,1.1124768661829876e-08,1.1368683772161603e-12,1.0,6.776263578034403e-20,6.505213034913027e-19
Fixed_vs_B2,Hotpot-Qwen,hotpotqa,qwen3.5:9b,M_L,fixed,b2,108,0.8981481481481481,0.39814814814814814,0.5,"[0.4074074074074074, 0.5925925925925926]",42,55,1,10,1.582067810090848e-15,50,0.86,0.06,0.8,"[0.68, 0.9]",1.8189894035458565e-12,58,0.06896551724137931,0.3103448275862069,-0.2413793103448276,"[-0.3620689655172414, -0.1206896551724138]",0.000518798828125,0.6296296296296297,0.0,0.6296296296296297,"[0.5370370370370371, 0.7222222222222222]",6.776263578034403e-21,0.6018518518518519,0.0,0.6018518518518519,"[0.5092592592592593, 0.6944444444444444]",5.421010862427522e-20,0.7222222222222222,0.3425925925925926,0.3796296296296296,"[0.28703703703703703, 0.4722222222222222]",0.838830099941211,0.40509994121105236,0.4337301587301587,"[0.340651455026455, 0.5256646825396826]",845.7962962962963,842.0,786.1018518518518,780.0,1950.962962962963,1741.5833333333333,2.531308496145357e-14,2.7284841053187847e-11,0.00311279296875,6.776263578034403e-20,6.505213034913027e-19
Fixed_vs_B3,Hotpot-Qwen,hotpotqa,qwen3.5:9b,M_L,fixed,b3,108,0.8981481481481481,0.7314814814814815,0.16666666666666663,"[0.09259259259259259, 0.25]",77,20,2,9,0.00012111663818359375,50,0.86,0.48,0.38,"[0.24, 0.52]",3.814697265625e-06,58,0.06896551724137931,0.05172413793103448,0.017241379310344827,"[-0.034482758620689655, 0.08620689655172414]",1.0,0.6296296296296297,0.0,0.6296296296296297,"[0.5370370370370371, 0.7129629629629629]",6.776263578034403e-21,0.6018518518518519,0.0,0.6018518518518519,"[0.5092592592592593, 0.6944444444444444]",5.421010862427522e-20,0.7222222222222222,0.5833333333333334,0.13888888888888884,"[0.06481481481481481, 0.21296296296296297]",0.838830099941211,0.691387419165197,0.14744268077601408,"[0.07685185185185185, 0.2228406084656085]",845.7962962962963,842.0,5138.7962962962965,3994.5,1950.962962962963,1308.037037037037,0.0007266998291015625,2.6702880859375e-05,1.0,6.776263578034403e-20,6.505213034913027e-19
Fixed_vs_Reverse,Hotpot-Qwen,hotpotqa,qwen3.5:9b,M_L,fixed,reverse,108,0.8981481481481481,0.8796296296296297,0.01851851851851849,"[0.0, 0.046296296296296294]",95,2,0,11,0.5,50,0.86,0.84,0.020000000000000018,"[0.0, 0.06]",1.0,58,0.06896551724137931,0.08620689655172414,-0.017241379310344834,"[-0.05172413793103448, 0.0]",1.0,0.6296296296296297,0.5833333333333334,0.04629629629629628,"[-0.018518518518518517, 0.12037037037037036]",0.30175781249999994,0.6018518518518519,0.5555555555555556,0.04629629629629628,"[-0.027777777777777776, 0.12037037037037036]",0.30175781249999994,0.7222222222222222,0.7037037037037037,0.01851851851851849,"[0.0, 0.046296296296296294]",0.838830099941211,0.8203115814226926,0.01851851851851849,"[0.0, 0.046296296296296294]",845.7962962962963,842.0,842.0648148148148,836.5,1950.962962962963,1944.3055555555557,1.0,1.0,1.0,1.0,1.0
Fixed_vs_B0,Hotpot-Qwen,hotpotqa,qwen3.5:9b,D_L,fixed,b0,108,0.8703703703703703,0.3425925925925926,0.5277777777777777,"[0.4351851851851852, 0.6203703703703703]",37,57,0,14,1.3877787807814457e-17,71,0.8028169014084507,0.0,0.8028169014084507,"[0.704225352112676, 0.8873239436619719]",1.3877787807814457e-17,37,0.0,0.0,0.0,"[0.0, 0.0]",1.0,0.7129629629629629,0.0,0.7129629629629629,"[0.6203703703703703, 0.7962962962962963]",1.3234889800848443e-23,0.6851851851851852,0.0,0.6851851851851852,"[0.5925925925925926, 0.7685185185185185]",1.0587911840678754e-22,0.6666666666666666,0.25,0.41666666666666663,"[0.32407407407407407, 0.5092592592592593]",0.8077956266681757,0.3553364331142109,0.4524591935539648,"[0.36607049918732926, 0.5382292639277934]",839.0092592592592,859.5,,,1922.2962962962963,,1.942890293094024e-16,1.5265566588595902e-16,1.0,1.7205356741102976e-22,1.5881867761018131e-21
Fixed_vs_B2,Hotpot-Qwen,hotpotqa,qwen3.5:9b,D_L,fixed,b2,108,0.8703703703703703,0.4444444444444444,0.42592592592592593,"[0.3148148148148148, 0.5370370370370371]",43,51,5,9,1.170292474039769e-10,71,0.8028169014084507,0.4084507042253521,0.3943661971830986,"[0.2535211267605634, 0.5352112676056338]",4.255962267052382e-06,37,0.0,0.4864864864864865,-0.4864864864864865,"[-0.6486486486486487, -0.32432432432432434]",7.62939453125e-06,0.7129629629629629,0.0,0.7129629629629629,"[0.6296296296296297, 0.7962962962962963]",1.3234889800848443e-23,0.6851851851851852,0.0,0.6851851851851852,"[0.5925925925925926, 0.7685185185185185]",1.0587911840678754e-22,0.6666666666666666,0.3425925925925926,0.324074074074074,"[0.2222222222222222, 0.42592592592592593]",0.8077956266681757,0.46832144193255304,0.3394741847356227,"[0.2444088900992496, 0.4344477945499187]",839.0092592592592,859.5,785.4351851851852,782.0,1922.2962962962963,1710.898148148148,1.0532632266357922e-09,4.255962267052382e-05,9.1552734375e-05,1.7205356741102976e-22,1.5881867761018131e-21
Fixed_vs_B3,Hotpot-Qwen,hotpotqa,qwen3.5:9b,D_L,fixed,b3,108,0.8703703703703703,0.4351851851851852,0.4351851851851852,"[0.3425925925925926, 0.5277777777777778]",47,47,0,14,1.4210854715202004e-14,71,0.8028169014084507,0.15492957746478872,0.647887323943662,"[0.5352112676056338, 0.7605633802816901]",2.842170943040401e-14,37,0.0,0.02702702702702703,-0.02702702702702703,"[-0.08108108108108109, 0.0]",1.0,0.7129629629629629,0.0,0.7129629629629629,"[0.6296296296296297, 0.7962962962962963]",1.3234889800848443e-23,0.6851851851851852,0.0,0.6851851851851852,"[0.5925925925925926, 0.7685185185185185]",1.0587911840678754e-22,0.6666666666666666,0.32407407407407407,0.34259259259259256,"[0.25925925925925924, 0.4351851851851852]",0.8077956266681757,0.44153572764683874,0.366259899021337,"[0.28301334422657953, 0.4525886697271501]",839.0092592592592,859.5,3673.4814814814813,3290.0,1922.2962962962963,641.175925925926,1.9895196601282805e-13,3.410605131648481e-13,1.0,1.7205356741102976e-22,1.5881867761018131e-21
Fixed_vs_Reverse,Hotpot-Qwen,hotpotqa,qwen3.5:9b,D_L,fixed,reverse,108,0.8703703703703703,0.8703703703703703,0.0,"[-0.037037037037037035, 0.037037037037037035]",92,2,2,12,1.0,71,0.8028169014084507,0.8028169014084507,0.0,"[-0.056338028169014086, 0.056338028169014086]",1.0,37,0.0,0.0,0.0,"[0.0, 0.0]",1.0,0.7129629629629629,0.6944444444444444,0.01851851851851849,"[-0.06481481481481481, 0.10185185185185185]",0.8318119049072266,0.6851851851851852,0.6666666666666666,0.0185185185185186,"[-0.06481481481481481, 0.10185185185185185]",0.8238029479980469,0.6666666666666666,0.6666666666666666,0.0,"[-0.037037037037037035, 0.037037037037037035]",0.8077956266681757,0.8016227871620027,0.006172839506172978,"[-0.027777777777777776, 0.037037037037037035]",839.0092592592592,859.5,830.5,847.0,1922.2962962962963,1914.5092592592594,1.0,1.0,1.0,1.0,1.0
Fixed_vs_B0,Hotpot-Qwen,hotpotqa,qwen3.5:9b,M_D_L,fixed,b0,108,0.8148148148148148,0.19444444444444445,0.6203703703703703,"[0.5277777777777778, 0.7129629629629629]",21,67,0,20,1.3552527156068805e-20,87,0.7701149425287356,0.0,0.7701149425287356,"[0.6781609195402298, 0.8505747126436781]",1.3552527156068805e-20,21,0.0,0.0,0.0,"[0.0, 0.0]",1.0,0.7037037037037037,0.0,0.7037037037037037,"[0.6111111111111112, 0.7870370370370371]",2.6469779601696886e-23,0.6388888888888888,0.0,0.6388888888888888,"[0.5462962962962963, 0.7314814814814815]",3.3881317890172014e-21,0.6388888888888888,0.1388888888888889,0.49999999999999994,"[0.4074074074074074, 0.5925925925925926]",0.7534586056644881,0.2396678424456202,0.5137907632188679,"[0.4274112870456825, 0.5986219503233392]",848.4074074074074,847.5,,,1941.5740740740741,,2.0328790734103208e-19,2.0328790734103208e-19,1.0,3.1763735522036263e-22,4.404571325722362e-20
Fixed_vs_B2,Hotpot-Qwen,hotpotqa,qwen3.5:9b,M_D_L,fixed,b2,108,0.8148148148148148,0.28703703703703703,0.5277777777777777,"[0.42592592592592593, 0.6296296296296297]",29,59,2,18,1.6410484082740595e-15,87,0.7701149425287356,0.20689655172413793,0.5632183908045977,"[0.4482758620689655, 0.6781609195402298]",3.1796787425264483e-13,21,0.0,0.38095238095238093,-0.38095238095238093,"[-0.5714285714285714, -0.19047619047619047]",0.0078125,0.7037037037037037,0.0,0.7037037037037037,"[0.6203703703703703, 0.7870370370370371]",2.6469779601696886e-23,0.6388888888888888,0.0,0.6388888888888888,"[0.5462962962962963, 0.7222222222222222]",3.3881317890172014e-21,0.6388888888888888,0.2037037037037037,0.4351851851851851,"[0.3425925925925926, 0.5277777777777778]",0.7534586056644881,0.3205246913580247,0.4329339143064634,"[0.3428950746965453, 0.524075111526092]",848.4074074074074,847.5,756.6018518518518,754.0,1941.5740740740741,1599.7037037037037,2.531308496145357e-14,5.087485988042317e-12,0.0390625,3.1763735522036263e-22,4.404571325722362e-20
Fixed_vs_B3,Hotpot-Qwen,hotpotqa,qwen3.5:9b,M_D_L,fixed,b3,108,0.8148148148148148,0.2962962962962963,0.5185185185185185,"[0.4166666666666667, 0.6203703703703703]",31,57,1,19,4.0939474033052647e-16,87,0.7701149425287356,0.12643678160919541,0.6436781609195401,"[0.5402298850574713, 0.7471264367816092]",4.0939474033052647e-16,21,0.0,0.0,0.0,"[0.0, 0.0]",1.0,0.7037037037037037,0.0,0.7037037037037037,"[0.6203703703703703, 0.7870370370370371]",2.6469779601696886e-23,0.6388888888888888,0.0,0.6388888888888888,"[0.5462962962962963, 0.7314814814814815]",3.3881317890172014e-21,0.6388888888888888,0.2222222222222222,0.41666666666666663,"[0.32407407407407407, 0.5092592592592593]",0.7534586056644881,0.3230011757789536,0.4304574298855345,"[0.3444488860358958, 0.5178345890825465]",848.4074074074074,847.5,3964.8796296296296,2933.0,1941.5740740740741,411.5,6.140921104957897e-15,6.140921104957897e-15,1.0,3.1763735522036263e-22,4.404571325722362e-20
Fixed_vs_Reverse,Hotpot-Qwen,hotpotqa,qwen3.5:9b,M_D_L,fixed,reverse,108,0.8148148148148148,0.7962962962962963,0.01851851851851849,"[-0.027777777777777776, 0.07407407407407407]",83,5,3,17,0.7265625,87,0.7701149425287356,0.7471264367816092,0.02298850574712641,"[-0.034482758620689655, 0.09195402298850575]",0.7265625,21,0.0,0.0,0.0,"[0.0, 0.0]",1.0,0.7037037037037037,0.6018518518518519,0.10185185185185186,"[0.009259259259259259, 0.19444444444444445]",0.052238985896110535,0.6388888888888888,0.5370370370370371,0.10185185185185175,"[0.009259259259259259, 0.19444444444444445]",0.052238985896110535,0.6388888888888888,0.6388888888888888,0.0,"[-0.046296296296296294, 0.046296296296296294]",0.7534586056644881,0.74960058097313,0.0038580246913580973,"[-0.034722222222222224, 0.041666666666666664]",848.4074074074074,847.5,855.0277777777778,850.0,1941.5740740740741,1919.4259259259259,1.0,1.0,1.0,0.4179118871688843,0.4179118871688843
