comparison,setting,condition,N,A_method,B_method,A_acc,B_acc,delta,delta_ci,both_correct,A_only_correct,B_only_correct,both_wrong,mcnemar_p,holm_p
Fixed_vs_B0,2Wiki-Llama,M_D,108,fixed,b0,0.5462962962962963,0.24074074074074073,0.3055555555555556,"[0.2037037037037037, 0.4074074074074074]",22,37,4,45,1.0258372640237212e-07,2.0516745280474424e-07
Fixed_vs_B2,2Wiki-Llama,M_D,108,fixed,b2,0.5462962962962963,0.5185185185185185,0.02777777777777779,"[-0.1111111111111111, 0.16666666666666666]",26,33,30,19,0.8013064925040663,0.8013064925040663
Fixed_vs_B3,2Wiki-Llama,M_D,108,fixed,b3,0.5462962962962963,0.3888888888888889,0.15740740740740738,"[0.046296296296296294, 0.26851851851851855]",31,28,11,38,0.009475304279476404,0.028425912838429213
Fixed_vs_Reverse,2Wiki-Llama,M_D,108,fixed,reverse,0.5462962962962963,0.5555555555555556,-0.0092592592592593,"[-0.07407407407407407, 0.06481481481481481]",52,7,8,41,1.0,1.0
Fixed_vs_B0,2Wiki-Llama,M_L,107,fixed,b0,0.8037383177570093,0.4205607476635514,0.38317757009345793,"[0.2803738317757009, 0.48598130841121495]",42,44,3,18,2.4647306418046355e-10,1.7253114492632449e-09
Fixed_vs_B2,2Wiki-Llama,M_L,107,fixed,b2,0.8037383177570093,0.2897196261682243,0.514018691588785,"[0.3925233644859813, 0.6355140186915887]",23,63,8,13,1.0271364278048329e-11,1.1298500705853162e-10
Fixed_vs_B3,2Wiki-Llama,M_L,107,fixed,b3,0.8037383177570093,0.48598130841121495,0.3177570093457944,"[0.205607476635514, 0.4205607476635514]",47,39,5,16,1.4051624930289108e-07,1.1241299944231287e-06
Fixed_vs_Reverse,2Wiki-Llama,M_L,107,fixed,reverse,0.8037383177570093,0.7850467289719626,0.01869158878504673,"[-0.037383177570093455, 0.07476635514018691]",80,6,4,17,0.75390625,1.0
Fixed_vs_B0,2Wiki-Llama,D_L,108,fixed,b0,0.7592592592592593,0.2222222222222222,0.5370370370370371,"[0.4351851851851852, 0.6296296296296297]",23,59,1,25,1.0581813203458523e-16,1.375635716449608e-15
Fixed_vs_B2,2Wiki-Llama,D_L,108,fixed,b2,0.7592592592592593,0.5833333333333334,0.17592592592592593,"[0.046296296296296294, 0.3055555555555556]",47,35,16,10,0.010973562899720513,0.021947125799441025
Fixed_vs_B3,2Wiki-Llama,D_L,107,fixed,b3,0.7663551401869159,0.6261682242990654,0.14018691588785048,"[0.037383177570093455, 0.24299065420560748]",58,24,9,16,0.013530986849218607,0.028425912838429213
Fixed_vs_Reverse,2Wiki-Llama,D_L,107,fixed,reverse,0.7570093457943925,0.6822429906542056,0.07476635514018692,"[-0.009345794392523364, 0.1588785046728972]",66,15,7,19,0.13380050659179688,1.0
Fixed_vs_B0,2Wiki-Llama,M_D_L,107,fixed,b0,0.7009345794392523,0.14953271028037382,0.5514018691588785,"[0.4485981308411215, 0.6542056074766355]",14,61,2,30,4.373671563806525e-16,4.811038720187177e-15
Fixed_vs_B2,2Wiki-Llama,M_D_L,107,fixed,b2,0.7009345794392523,0.4485981308411215,0.2523364485981308,"[0.12149532710280374, 0.38317757009345793]",33,42,15,17,0.00046000500864878935,0.0018400200345951574
Fixed_vs_B3,2Wiki-Llama,M_D_L,107,fixed,b3,0.7009345794392523,0.308411214953271,0.3925233644859813,"[0.2803738317757009, 0.5046728971962616]",27,48,6,26,3.2565301566478407e-09,3.5821831723126245e-08
Fixed_vs_Reverse,2Wiki-Llama,M_D_L,107,fixed,reverse,0.7009345794392523,0.6261682242990654,0.07476635514018692,"[-0.009345794392523364, 0.1588785046728972]",60,15,7,25,0.13380050659179688,1.0
Fixed_vs_B0,2Wiki-Qwen,M_D,107,fixed,b0,0.6261682242990654,0.11214953271028037,0.514018691588785,"[0.411214953271028, 0.616822429906542]",10,57,2,38,6.144390551909851e-15,6.144390551909851e-14
Fixed_vs_B2,2Wiki-Qwen,M_D,107,fixed,b2,0.6261682242990654,0.2336448598130841,0.39252336448598124,"[0.2803738317757009, 0.5046728971962616]",20,47,5,35,1.2848229147266466e-09,8.993760403086526e-09
Fixed_vs_B3,2Wiki-Qwen,M_D,107,fixed,b3,0.6261682242990654,0.17757009345794392,0.44859813084112143,"[0.34579439252336447, 0.5514018691588785]",17,50,2,38,6.123990203832363e-13,7.961187264982073e-12
Fixed_vs_Reverse,2Wiki-Qwen,M_D,107,fixed,reverse,0.6261682242990654,0.3644859813084112,0.2616822429906542,"[0.16822429906542055, 0.35514018691588783]",36,31,3,37,7.660128176212311e-07,1.2256205081939697e-05
Fixed_vs_B0,2Wiki-Qwen,M_L,108,fixed,b0,0.7870370370370371,0.4074074074074074,0.3796296296296297,"[0.26851851851851855, 0.49074074074074076]",38,47,6,17,5.805322444984995e-09,1.7415967334954985e-08
Fixed_vs_B2,2Wiki-Qwen,M_L,108,fixed,b2,0.7870370370370371,0.28703703703703703,0.5,"[0.37962962962962965, 0.6203703703703703]",22,63,9,14,4.181227909275131e-11,4.181227909275131e-10
Fixed_vs_B3,2Wiki-Qwen,M_L,108,fixed,b3,0.7870370370370371,0.6018518518518519,0.18518518518518523,"[0.09259259259259259, 0.2777777777777778]",60,25,5,18,0.0003249142318964005,0.001299656927585602
Fixed_vs_Reverse,2Wiki-Qwen,M_L,108,fixed,reverse,0.7870370370370371,0.7314814814814815,0.05555555555555558,"[0.0, 0.1111111111111111]",77,8,2,21,0.109375,1.0
Fixed_vs_B0,2Wiki-Qwen,D_L,108,fixed,b0,0.5925925925925926,0.18518518518518517,0.4074074074074074,"[0.3148148148148148, 0.5]",19,45,1,43,1.3358203432289883e-12,1.0686562745831907e-11
Fixed_vs_B2,2Wiki-Qwen,D_L,108,fixed,b2,0.5925925925925926,0.3333333333333333,0.25925925925925924,"[0.12962962962962962, 0.37962962962962965]",23,41,13,31,0.00017512673440589485,0.0008756336720294743
Fixed_vs_B3,2Wiki-Qwen,D_L,108,fixed,b3,0.5925925925925926,0.2962962962962963,0.2962962962962963,"[0.19444444444444445, 0.39814814814814814]",29,35,3,41,6.677873898297548e-08,6.010086508467793e-07
Fixed_vs_Reverse,2Wiki-Qwen,D_L,108,fixed,reverse,0.5925925925925926,0.6111111111111112,-0.0185185185185186,"[-0.08333333333333333, 0.046296296296296294]",58,6,8,36,0.79052734375,1.0
Fixed_vs_B0,2Wiki-Qwen,M_D_L,108,fixed,b0,0.6481481481481481,0.07407407407407407,0.5740740740740741,"[0.46296296296296297, 0.6759259259259259]",5,65,3,35,3.5550311609441887e-16,4.2660373931330264e-15
Fixed_vs_B2,2Wiki-Qwen,M_D_L,108,fixed,b2,0.6481481481481481,0.16666666666666666,0.4814814814814815,"[0.37037037037037035, 0.5925925925925926]",13,57,5,33,3.0655256978706635e-12,3.678630837444796e-11
Fixed_vs_B3,2Wiki-Qwen,M_D_L,108,fixed,b3,0.6481481481481481,0.2037037037037037,0.4444444444444444,"[0.3333333333333333, 0.5465277777777744]",18,52,4,34,1.1008055578187737e-11,1.3209666693825284e-10
Fixed_vs_Reverse,2Wiki-Qwen,M_D_L,108,fixed,reverse,0.6481481481481481,0.5370370370370371,0.11111111111111105,"[0.027777777777777776, 0.19444444444444445]",53,17,5,33,0.01690053939819336,0.23660755157470703
Fixed_vs_B0,Hotpot-Llama,M_D,108,fixed,b0,0.6851851851851852,0.4166666666666667,0.26851851851851855,"[0.1574074074074074, 0.37962962962962965]",37,37,8,26,1.5374090196473844e-05,1.5374090196473844e-05
Fixed_vs_B2,Hotpot-Llama,M_D,108,fixed,b2,0.6851851851851852,0.46296296296296297,0.22222222222222227,"[0.10185185185185185, 0.3425925925925926]",37,37,13,21,0.000936222910851825,0.002808668732555475
Fixed_vs_B3,Hotpot-Llama,M_D,106,fixed,b3,0.6886792452830188,0.44339622641509435,0.24528301886792447,"[0.1320754716981132, 0.3584905660377358]",37,36,10,23,0.00015641720852954677,0.0007820860426477338
Fixed_vs_Reverse,Hotpot-Llama,M_D,106,fixed,reverse,0.6792452830188679,0.6792452830188679,0.0,"[-0.07547169811320754, 0.07547169811320754]",64,8,8,26,1.0,1.0
Fixed_vs_B0,Hotpot-Llama,M_L,101,fixed,b0,0.8811881188118812,0.48514851485148514,0.39603960396039606,"[0.2871287128712871, 0.504950495049505]",46,43,3,9,4.6219383875722997e-10,2.31096919378615e-09
Fixed_vs_B2,Hotpot-Llama,M_L,101,fixed,b2,0.8811881188118812,0.3564356435643564,0.5247524752475248,"[0.42574257425742573, 0.6237623762376238]",35,54,1,11,3.1086244689504383e-15,4.3520742565306136e-14
Fixed_vs_B3,Hotpot-Llama,M_L,101,fixed,b3,0.8811881188118812,0.5247524752475248,0.3564356435643564,"[0.25742574257425743, 0.46534653465346537]",50,39,3,9,5.631591193377972e-09,5.6315911933779716e-08
Fixed_vs_Reverse,Hotpot-Llama,M_L,96,fixed,reverse,0.875,0.8854166666666666,-0.01041666666666663,"[-0.052083333333333336, 0.03125]",82,2,3,9,1.0,1.0
Fixed_vs_B0,Hotpot-Llama,D_L,101,fixed,b0,0.8217821782178217,0.46534653465346537,0.35643564356435636,"[0.25742574257425743, 0.45544554455445546]",46,37,1,17,2.837623469531536e-10,1.7253114492632449e-09
Fixed_vs_B2,Hotpot-Llama,D_L,101,fixed,b2,0.8217821782178217,0.42574257425742573,0.396039603960396,"[0.26732673267326734, 0.5247524752475248]",34,49,9,9,8.959402428981857e-08,5.375641457389114e-07
Fixed_vs_B3,Hotpot-Llama,D_L,101,fixed,b3,0.8217821782178217,0.7425742574257426,0.07920792079207917,"[-0.009900990099009901, 0.16831683168316833]",68,15,7,11,0.13380050659179688,0.13380050659179688
Fixed_vs_Reverse,Hotpot-Llama,D_L,99,fixed,reverse,0.8181818181818182,0.797979797979798,0.02020202020202022,"[-0.050505050505050504, 0.09090909090909091]",74,7,5,13,0.7744140625,1.0
Fixed_vs_B0,Hotpot-Llama,M_D_L,104,fixed,b0,0.7692307692307693,0.33653846153846156,0.4326923076923077,"[0.33653846153846156, 0.5288461538461539]",34,46,1,23,6.821210263296962e-13,6.139089236967266e-12
Fixed_vs_B2,Hotpot-Llama,M_D_L,104,fixed,b2,0.7692307692307693,0.33653846153846156,0.4326923076923077,"[0.3173076923076923, 0.5480769230769231]",29,51,6,18,5.676193126635808e-10,4.540954501308646e-09
Fixed_vs_B3,Hotpot-Llama,M_D_L,104,fixed,b3,0.7692307692307693,0.47115384615384615,0.29807692307692313,"[0.18269230769230768, 0.40408653846153497]",42,38,7,17,3.1213096463034162e-06,2.1849167524123914e-05
Fixed_vs_Reverse,Hotpot-Llama,M_D_L,99,fixed,reverse,0.797979797979798,0.7676767676767676,0.030303030303030387,"[-0.030303030303030304, 0.09090909090909091]",73,6,3,17,0.5078125,1.0
Fixed_vs_B0,Hotpot-Qwen,M_D,108,fixed,b0,0.8981481481481481,0.25,0.6481481481481481,"[0.5555555555555556, 0.7407407407407407]",27,70,0,11,1.6940658945086007e-21,2.710505431213761e-20
Fixed_vs_B2,Hotpot-Qwen,M_D,108,fixed,b2,0.8981481481481481,0.3888888888888889,0.5092592592592593,"[0.4074074074074074, 0.6111111111111112]",39,58,3,8,3.2857397358476703e-14,4.2714616566019714e-13
Fixed_vs_B3,Hotpot-Qwen,M_D,108,fixed,b3,0.8981481481481481,0.28703703703703703,0.6111111111111112,"[0.5185185185185185, 0.7037037037037037]",31,66,0,11,2.710505431213761e-20,4.336808689942018e-19
Fixed_vs_Reverse,Hotpot-Qwen,M_D,108,fixed,reverse,0.8981481481481481,0.7129629629629629,0.18518518518518523,"[0.1111111111111111, 0.26851851851851855]",76,21,1,10,1.0967254638671875e-05,0.00016450881958007812
Fixed_vs_B0,Hotpot-Qwen,M_L,108,fixed,b0,0.8981481481481481,0.5370370370370371,0.36111111111111105,"[0.25925925925925924, 0.46296296296296297]",54,43,4,7,2.781192165457469e-09,1.1124768661829876e-08
Fixed_vs_B2,Hotpot-Qwen,M_L,108,fixed,b2,0.8981481481481481,0.39814814814814814,0.5,"[0.4074074074074074, 0.5925925925925926]",42,55,1,10,1.582067810090848e-15,2.531308496145357e-14
Fixed_vs_B3,Hotpot-Qwen,M_L,108,fixed,b3,0.8981481481481481,0.7314814814814815,0.16666666666666663,"[0.09259259259259259, 0.25]",77,20,2,9,0.00012111663818359375,0.0007266998291015625
Fixed_vs_Reverse,Hotpot-Qwen,M_L,108,fixed,reverse,0.8981481481481481,0.8796296296296297,0.01851851851851849,"[0.0, 0.046296296296296294]",95,2,0,11,0.5,1.0
Fixed_vs_B0,Hotpot-Qwen,D_L,108,fixed,b0,0.8703703703703703,0.3425925925925926,0.5277777777777777,"[0.4351851851851852, 0.6203703703703703]",37,57,0,14,1.3877787807814457e-17,1.942890293094024e-16
Fixed_vs_B2,Hotpot-Qwen,D_L,108,fixed,b2,0.8703703703703703,0.4444444444444444,0.42592592592592593,"[0.3148148148148148, 0.5370370370370371]",43,51,5,9,1.170292474039769e-10,1.0532632266357922e-09
Fixed_vs_B3,Hotpot-Qwen,D_L,108,fixed,b3,0.8703703703703703,0.4351851851851852,0.4351851851851852,"[0.3425925925925926, 0.5277777777777778]",47,47,0,14,1.4210854715202004e-14,1.9895196601282805e-13
Fixed_vs_Reverse,Hotpot-Qwen,D_L,108,fixed,reverse,0.8703703703703703,0.8703703703703703,0.0,"[-0.037037037037037035, 0.037037037037037035]",92,2,2,12,1.0,1.0
Fixed_vs_B0,Hotpot-Qwen,M_D_L,108,fixed,b0,0.8148148148148148,0.19444444444444445,0.6203703703703703,"[0.5277777777777778, 0.7129629629629629]",21,67,0,20,1.3552527156068805e-20,2.0328790734103208e-19
Fixed_vs_B2,Hotpot-Qwen,M_D_L,108,fixed,b2,0.8148148148148148,0.28703703703703703,0.5277777777777777,"[0.42592592592592593, 0.6296296296296297]",29,59,2,18,1.6410484082740595e-15,2.531308496145357e-14
Fixed_vs_B3,Hotpot-Qwen,M_D_L,108,fixed,b3,0.8148148148148148,0.2962962962962963,0.5185185185185185,"[0.4166666666666667, 0.6203703703703703]",31,57,1,19,4.0939474033052647e-16,6.140921104957897e-15
Fixed_vs_Reverse,Hotpot-Qwen,M_D_L,108,fixed,reverse,0.8148148148148148,0.7962962962962963,0.01851851851851849,"[-0.027777777777777776, 0.07407407407407407]",83,5,3,17,0.7265625,1.0
